[
    {
        "serving_weight": 1.0,
        "name": "100% Bran",
        "sodium": 393.93939393939394,
        "vitamins_minerals": 25,
        "potassium": 848.4848484848485,
        "sugars": 18.18181818181818,
        "calories": 212.12121212121212,
        "fat": 3.0303030303030303,
        "dietary_fiber": 30.303030303030305,
        "display_shelf": 3,
        "cups_per_serving": 1,
        "protein": 12.121212121212121,
        "complex_carbohydrates": 15.151515151515152,
        "type": "cold",
        "slug": "100-bran",
        "manufacturer": {
            "name": "Nabisco"
        }
    },
    {
        "serving_weight": 1.0,
        "name": "100% Natural Bran",
        "sodium": 15.0,
        "vitamins_minerals": 0,
        "potassium": 135.0,
        "sugars": 8.0,
        "calories": 120.0,
        "fat": 5.0,
        "dietary_fiber": 2.0,
        "display_shelf": 3,
        "cups_per_serving": 1,
        "protein": 3.0,
        "complex_carbohydrates": 8.0,
        "type": "cold",
        "slug": "100-natural-bran",
        "manufacturer": {
            "name": "Quaker Oats"
        }
    },
    {
        "serving_weight": 1.0,
        "name": "All-Bran",
        "sodium": 787.87878787878788,
        "vitamins_minerals": 25,
        "potassium": 969.69696969696975,
        "sugars": 15.151515151515152,
        "calories": 212.12121212121212,
        "fat": 3.0303030303030303,
        "dietary_fiber": 27.272727272727273,
        "display_shelf": 3,
        "cups_per_serving": 1,
        "protein": 12.121212121212121,
        "complex_carbohydrates": 21.212121212121211,
        "type": "cold",
        "slug": "all-bran",
        "manufacturer": {
            "name": "Kellogs"
        }
    },
    {
        "serving_weight": 1.0,
        "name": "All-Bran with Extra Fiber",
        "sodium": 280.0,
        "vitamins_minerals": 25,
        "potassium": 660.0,
        "sugars": 0.0,
        "calories": 100.0,
        "fat": 0.0,
        "dietary_fiber": 28.0,
        "display_shelf": 3,
        "cups_per_serving": 1,
        "protein": 8.0,
        "complex_carbohydrates": 16.0,
        "type": "cold",
        "slug": "all-bran-extra-fiber",
        "manufacturer": {
            "name": "Kellogs"
        }
    },
    {
        "serving_weight": 1.0,
        "name": "Almond Delight",
        "sodium": 266.66666666666663,
        "vitamins_minerals": 25,
        "potassium": -1.0,
        "sugars": 10.666666666666666,
        "calories": 146.66666666666666,
        "fat": 2.6666666666666665,
        "dietary_fiber": 1.3333333333333333,
        "display_shelf": 3,
        "cups_per_serving": 1,
        "protein": 2.6666666666666665,
        "complex_carbohydrates": 18.666666666666664,
        "type": "cold",
        "slug": "almond-delight",
        "manufacturer": {
            "name": "Ralston Purina"
        }
    },
    {
        "serving_weight": 1.0,
        "name": "Apple Cinnamon Cheerios",
        "sodium": 240.0,
        "vitamins_minerals": 25,
        "potassium": 93.333333333333329,
        "sugars": 13.333333333333332,
        "calories": 146.66666666666666,
        "fat": 2.6666666666666665,
        "dietary_fiber": 2.0,
        "display_shelf": 1,
        "cups_per_serving": 1,
        "protein": 2.6666666666666665,
        "complex_carbohydrates": 14.0,
        "type": "cold",
        "slug": "apple-cinnamon-cheerios",
        "manufacturer": {
            "name": "General Mills"
        }
    },
    {
        "serving_weight": 1.0,
        "name": "Apple Jacks",
        "sodium": 125.0,
        "vitamins_minerals": 25,
        "potassium": 30.0,
        "sugars": 14.0,
        "calories": 110.0,
        "fat": 0.0,
        "dietary_fiber": 1.0,
        "display_shelf": 2,
        "cups_per_serving": 1,
        "protein": 2.0,
        "complex_carbohydrates": 11.0,
        "type": "cold",
        "slug": "apple-jacks",
        "manufacturer": {
            "name": "Kellogs"
        }
    },
    {
        "serving_weight": 1.3300000000000001,
        "name": "Basic 4",
        "sodium": 280.0,
        "vitamins_minerals": 25,
        "potassium": 133.33333333333331,
        "sugars": 10.666666666666666,
        "calories": 173.33333333333331,
        "fat": 2.6666666666666665,
        "dietary_fiber": 2.6666666666666665,
        "display_shelf": 3,
        "cups_per_serving": 1,
        "protein": 4.0,
        "complex_carbohydrates": 24.0,
        "type": "cold",
        "slug": "basic-4",
        "manufacturer": {
            "name": "General Mills"
        }
    },
    {
        "serving_weight": 1.0,
        "name": "Bran Chex",
        "sodium": 298.50746268656712,
        "vitamins_minerals": 25,
        "potassium": 186.56716417910445,
        "sugars": 8.9552238805970141,
        "calories": 134.32835820895522,
        "fat": 1.4925373134328357,
        "dietary_fiber": 5.9701492537313428,
        "display_shelf": 1,
        "cups_per_serving": 1,
        "protein": 2.9850746268656714,
        "complex_carbohydrates": 22.388059701492537,
        "type": "cold",
        "slug": "bran-chex",
        "manufacturer": {
            "name": "Ralston Purina"
        }
    },
    {
        "serving_weight": 1.0,
        "name": "Bran Flakes",
        "sodium": 313.43283582089549,
        "vitamins_minerals": 25,
        "potassium": 283.58208955223876,
        "sugars": 7.4626865671641784,
        "calories": 134.32835820895522,
        "fat": 0.0,
        "dietary_fiber": 7.4626865671641784,
        "display_shelf": 3,
        "cups_per_serving": 1,
        "protein": 4.4776119402985071,
        "complex_carbohydrates": 19.402985074626862,
        "type": "cold",
        "slug": "bran-flakes",
        "manufacturer": {
            "name": "Post"
        }
    },
    {
        "serving_weight": 1.0,
        "name": "Cap'n'Crunch",
        "sodium": 293.33333333333331,
        "vitamins_minerals": 25,
        "potassium": 46.666666666666664,
        "sugars": 16.0,
        "calories": 160.0,
        "fat": 2.6666666666666665,
        "dietary_fiber": 0.0,
        "display_shelf": 2,
        "cups_per_serving": 1,
        "protein": 1.3333333333333333,
        "complex_carbohydrates": 16.0,
        "type": "cold",
        "slug": "capncrunch",
        "manufacturer": {
            "name": "Quaker Oats"
        }
    },
    {
        "serving_weight": 1.0,
        "name": "Cheerios",
        "sodium": 232.0,
        "vitamins_minerals": 25,
        "potassium": 84.0,
        "sugars": 0.80000000000000004,
        "calories": 88.0,
        "fat": 1.6000000000000001,
        "dietary_fiber": 1.6000000000000001,
        "display_shelf": 1,
        "cups_per_serving": 1,
        "protein": 4.8000000000000007,
        "complex_carbohydrates": 13.600000000000001,
        "type": "cold",
        "slug": "cheerios",
        "manufacturer": {
            "name": "General Mills"
        }
    },
    {
        "serving_weight": 1.0,
        "name": "Cinnamon Toast Crunch",
        "sodium": 280.0,
        "vitamins_minerals": 25,
        "potassium": 60.0,
        "sugars": 12.0,
        "calories": 160.0,
        "fat": 4.0,
        "dietary_fiber": 0.0,
        "display_shelf": 2,
        "cups_per_serving": 1,
        "protein": 1.3333333333333333,
        "complex_carbohydrates": 17.333333333333332,
        "type": "cold",
        "slug": "cinnamon-toast-crunch",
        "manufacturer": {
            "name": "General Mills"
        }
    },
    {
        "serving_weight": 1.0,
        "name": "Clusters",
        "sodium": 280.0,
        "vitamins_minerals": 25,
        "potassium": 210.0,
        "sugars": 14.0,
        "calories": 220.0,
        "fat": 4.0,
        "dietary_fiber": 4.0,
        "display_shelf": 3,
        "cups_per_serving": 1,
        "protein": 6.0,
        "complex_carbohydrates": 26.0,
        "type": "cold",
        "slug": "clusters",
        "manufacturer": {
            "name": "General Mills"
        }
    },
    {
        "serving_weight": 1.0,
        "name": "Cocoa Puffs",
        "sodium": 180.0,
        "vitamins_minerals": 25,
        "potassium": 55.0,
        "sugars": 13.0,
        "calories": 110.0,
        "fat": 1.0,
        "dietary_fiber": 0.0,
        "display_shelf": 2,
        "cups_per_serving": 1,
        "protein": 1.0,
        "complex_carbohydrates": 12.0,
        "type": "cold",
        "slug": "cocoa-puffs",
        "manufacturer": {
            "name": "General Mills"
        }
    },
    {
        "serving_weight": 1.0,
        "name": "Corn Chex",
        "sodium": 280.0,
        "vitamins_minerals": 25,
        "potassium": 25.0,
        "sugars": 3.0,
        "calories": 110.0,
        "fat": 0.0,
        "dietary_fiber": 0.0,
        "display_shelf": 1,
        "cups_per_serving": 1,
        "protein": 2.0,
        "complex_carbohydrates": 22.0,
        "type": "cold",
        "slug": "corn-chex",
        "manufacturer": {
            "name": "Ralston Purina"
        }
    },
    {
        "serving_weight": 1.0,
        "name": "Corn Flakes",
        "sodium": 290.0,
        "vitamins_minerals": 25,
        "potassium": 35.0,
        "sugars": 2.0,
        "calories": 100.0,
        "fat": 0.0,
        "dietary_fiber": 1.0,
        "display_shelf": 1,
        "cups_per_serving": 1,
        "protein": 2.0,
        "complex_carbohydrates": 21.0,
        "type": "cold",
        "slug": "corn-flakes",
        "manufacturer": {
            "name": "Kellogs"
        }
    },
    {
        "serving_weight": 1.0,
        "name": "Corn Pops",
        "sodium": 90.0,
        "vitamins_minerals": 25,
        "potassium": 20.0,
        "sugars": 12.0,
        "calories": 110.0,
        "fat": 0.0,
        "dietary_fiber": 1.0,
        "display_shelf": 2,
        "cups_per_serving": 1,
        "protein": 1.0,
        "complex_carbohydrates": 13.0,
        "type": "cold",
        "slug": "corn-pops",
        "manufacturer": {
            "name": "Kellogs"
        }
    },
    {
        "serving_weight": 1.0,
        "name": "Count Chocula",
        "sodium": 180.0,
        "vitamins_minerals": 25,
        "potassium": 65.0,
        "sugars": 13.0,
        "calories": 110.0,
        "fat": 1.0,
        "dietary_fiber": 0.0,
        "display_shelf": 2,
        "cups_per_serving": 1,
        "protein": 1.0,
        "complex_carbohydrates": 12.0,
        "type": "cold",
        "slug": "count-chocula",
        "manufacturer": {
            "name": "General Mills"
        }
    },
    {
        "serving_weight": 1.0,
        "name": "Cracklin' Oat Bran",
        "sodium": 280.0,
        "vitamins_minerals": 25,
        "potassium": 320.0,
        "sugars": 14.0,
        "calories": 220.0,
        "fat": 6.0,
        "dietary_fiber": 8.0,
        "display_shelf": 3,
        "cups_per_serving": 1,
        "protein": 6.0,
        "complex_carbohydrates": 20.0,
        "type": "cold",
        "slug": "cracklin-oat-bran",
        "manufacturer": {
            "name": "Kellogs"
        }
    },
    {
        "serving_weight": 1.0,
        "name": "Cream of Wheat (Quick)",
        "sodium": 80.0,
        "vitamins_minerals": 0,
        "potassium": -1.0,
        "sugars": 0.0,
        "calories": 100.0,
        "fat": 0.0,
        "dietary_fiber": 1.0,
        "display_shelf": 2,
        "cups_per_serving": 1,
        "protein": 3.0,
        "complex_carbohydrates": 21.0,
        "type": "hot",
        "slug": "cream-of-wheat-quick",
        "manufacturer": {
            "name": "Nabisco"
        }
    },
    {
        "serving_weight": 1.0,
        "name": "Crispix",
        "sodium": 220.0,
        "vitamins_minerals": 25,
        "potassium": 30.0,
        "sugars": 3.0,
        "calories": 110.0,
        "fat": 0.0,
        "dietary_fiber": 1.0,
        "display_shelf": 3,
        "cups_per_serving": 1,
        "protein": 2.0,
        "complex_carbohydrates": 21.0,
        "type": "cold",
        "slug": "crispix",
        "manufacturer": {
            "name": "Kellogs"
        }
    },
    {
        "serving_weight": 1.0,
        "name": "Crispy Wheat & Raisins",
        "sodium": 186.66666666666666,
        "vitamins_minerals": 25,
        "potassium": 160.0,
        "sugars": 13.333333333333332,
        "calories": 133.33333333333331,
        "fat": 1.3333333333333333,
        "dietary_fiber": 2.6666666666666665,
        "display_shelf": 3,
        "cups_per_serving": 1,
        "protein": 2.6666666666666665,
        "complex_carbohydrates": 14.666666666666666,
        "type": "cold",
        "slug": "crispy-wheat-raisins",
        "manufacturer": {
            "name": "General Mills"
        }
    },
    {
        "serving_weight": 1.0,
        "name": "Double Chex",
        "sodium": 253.33333333333331,
        "vitamins_minerals": 25,
        "potassium": 106.66666666666666,
        "sugars": 6.6666666666666661,
        "calories": 133.33333333333331,
        "fat": 0.0,
        "dietary_fiber": 1.3333333333333333,
        "display_shelf": 3,
        "cups_per_serving": 1,
        "protein": 2.6666666666666665,
        "complex_carbohydrates": 24.0,
        "type": "cold",
        "slug": "double-chex",
        "manufacturer": {
            "name": "Ralston Purina"
        }
    },
    {
        "serving_weight": 1.0,
        "name": "Froot Loops",
        "sodium": 125.0,
        "vitamins_minerals": 25,
        "potassium": 30.0,
        "sugars": 13.0,
        "calories": 110.0,
        "fat": 1.0,
        "dietary_fiber": 1.0,
        "display_shelf": 2,
        "cups_per_serving": 1,
        "protein": 2.0,
        "complex_carbohydrates": 11.0,
        "type": "cold",
        "slug": "froot-loops",
        "manufacturer": {
            "name": "Kellogs"
        }
    },
    {
        "serving_weight": 1.0,
        "name": "Frosted Flakes",
        "sodium": 266.66666666666663,
        "vitamins_minerals": 25,
        "potassium": 33.333333333333329,
        "sugars": 14.666666666666666,
        "calories": 146.66666666666666,
        "fat": 0.0,
        "dietary_fiber": 1.3333333333333333,
        "display_shelf": 1,
        "cups_per_serving": 1,
        "protein": 1.3333333333333333,
        "complex_carbohydrates": 18.666666666666664,
        "type": "cold",
        "slug": "frosted-flakes",
        "manufacturer": {
            "name": "Kellogs"
        }
    },
    {
        "serving_weight": 1.0,
        "name": "Frosted Mini-Wheats",
        "sodium": 0.0,
        "vitamins_minerals": 25,
        "potassium": 125.0,
        "sugars": 8.75,
        "calories": 125.0,
        "fat": 0.0,
        "dietary_fiber": 3.75,
        "display_shelf": 2,
        "cups_per_serving": 1,
        "protein": 3.75,
        "complex_carbohydrates": 17.5,
        "type": "cold",
        "slug": "frosted-mini-wheats",
        "manufacturer": {
            "name": "Kellogs"
        }
    },
    {
        "serving_weight": 1.25,
        "name": "Fruit & Fibre Dates, Walnuts, and Oats",
        "sodium": 238.80597014925371,
        "vitamins_minerals": 25,
        "potassium": 298.50746268656712,
        "sugars": 14.925373134328357,
        "calories": 179.1044776119403,
        "fat": 2.9850746268656714,
        "dietary_fiber": 7.4626865671641784,
        "display_shelf": 3,
        "cups_per_serving": 1,
        "protein": 4.4776119402985071,
        "complex_carbohydrates": 17.910447761194028,
        "type": "cold",
        "slug": "fruit-fibre-dates-walnuts-and-oats",
        "manufacturer": {
            "name": "Post"
        }
    },
    {
        "serving_weight": 1.3300000000000001,
        "name": "Fruitful Bran",
        "sodium": 358.20895522388059,
        "vitamins_minerals": 25,
        "potassium": 283.58208955223876,
        "sugars": 17.910447761194028,
        "calories": 179.1044776119403,
        "fat": 0.0,
        "dietary_fiber": 7.4626865671641784,
        "display_shelf": 3,
        "cups_per_serving": 1,
        "protein": 4.4776119402985071,
        "complex_carbohydrates": 20.8955223880597,
        "type": "cold",
        "slug": "fruitful-bran",
        "manufacturer": {
            "name": "Kellogs"
        }
    },
    {
        "serving_weight": 1.0,
        "name": "Fruity Pebbles",
        "sodium": 180.0,
        "vitamins_minerals": 25,
        "potassium": 33.333333333333329,
        "sugars": 16.0,
        "calories": 146.66666666666666,
        "fat": 1.3333333333333333,
        "dietary_fiber": 0.0,
        "display_shelf": 2,
        "cups_per_serving": 1,
        "protein": 1.3333333333333333,
        "complex_carbohydrates": 17.333333333333332,
        "type": "cold",
        "slug": "fruity-pebbles",
        "manufacturer": {
            "name": "Post"
        }
    },
    {
        "serving_weight": 1.0,
        "name": "Golden Crisp",
        "sodium": 51.13636363636364,
        "vitamins_minerals": 25,
        "potassium": 45.45454545454546,
        "sugars": 17.045454545454547,
        "calories": 113.63636363636364,
        "fat": 0.0,
        "dietary_fiber": 0.0,
        "display_shelf": 1,
        "cups_per_serving": 1,
        "protein": 2.2727272727272729,
        "complex_carbohydrates": 12.500000000000002,
        "type": "cold",
        "slug": "golden-crisp",
        "manufacturer": {
            "name": "Post"
        }
    },
    {
        "serving_weight": 1.0,
        "name": "Golden Grahams",
        "sodium": 373.33333333333331,
        "vitamins_minerals": 25,
        "potassium": 60.0,
        "sugars": 12.0,
        "calories": 146.66666666666666,
        "fat": 1.3333333333333333,
        "dietary_fiber": 0.0,
        "display_shelf": 2,
        "cups_per_serving": 1,
        "protein": 1.3333333333333333,
        "complex_carbohydrates": 20.0,
        "type": "cold",
        "slug": "golden-grahams",
        "manufacturer": {
            "name": "General Mills"
        }
    },
    {
        "serving_weight": 1.0,
        "name": "Grape Nuts Flakes",
        "sodium": 159.09090909090909,
        "vitamins_minerals": 25,
        "potassium": 96.590909090909093,
        "sugars": 5.6818181818181825,
        "calories": 113.63636363636364,
        "fat": 1.1363636363636365,
        "dietary_fiber": 3.4090909090909092,
        "display_shelf": 3,
        "cups_per_serving": 1,
        "protein": 3.4090909090909092,
        "complex_carbohydrates": 17.045454545454547,
        "type": "cold",
        "slug": "grape-nuts-flakes",
        "manufacturer": {
            "name": "Post"
        }
    },
    {
        "serving_weight": 1.0,
        "name": "Grape-Nuts",
        "sodium": 680.0,
        "vitamins_minerals": 25,
        "potassium": 360.0,
        "sugars": 12.0,
        "calories": 440.0,
        "fat": 0.0,
        "dietary_fiber": 12.0,
        "display_shelf": 3,
        "cups_per_serving": 1,
        "protein": 12.0,
        "complex_carbohydrates": 68.0,
        "type": "cold",
        "slug": "grape-nuts",
        "manufacturer": {
            "name": "Post"
        }
    },
    {
        "serving_weight": 1.0,
        "name": "Great Grains Pecan",
        "sodium": 227.27272727272728,
        "vitamins_minerals": 25,
        "potassium": 303.030303030303,
        "sugars": 12.121212121212121,
        "calories": 363.63636363636363,
        "fat": 9.0909090909090899,
        "dietary_fiber": 9.0909090909090899,
        "display_shelf": 3,
        "cups_per_serving": 1,
        "protein": 9.0909090909090899,
        "complex_carbohydrates": 39.393939393939391,
        "type": "cold",
        "slug": "great-grains-pecan",
        "manufacturer": {
            "name": "Post"
        }
    },
    {
        "serving_weight": 1.0,
        "name": "Honey Graham Ohs",
        "sodium": 220.0,
        "vitamins_minerals": 25,
        "potassium": 45.0,
        "sugars": 11.0,
        "calories": 120.0,
        "fat": 2.0,
        "dietary_fiber": 1.0,
        "display_shelf": 2,
        "cups_per_serving": 1,
        "protein": 1.0,
        "complex_carbohydrates": 12.0,
        "type": "cold",
        "slug": "honey-graham-ohs",
        "manufacturer": {
            "name": "Quaker Oats"
        }
    },
    {
        "serving_weight": 1.0,
        "name": "Honey Nut Cheerios",
        "sodium": 333.33333333333331,
        "vitamins_minerals": 25,
        "potassium": 120.0,
        "sugars": 13.333333333333332,
        "calories": 146.66666666666666,
        "fat": 1.3333333333333333,
        "dietary_fiber": 2.0,
        "display_shelf": 1,
        "cups_per_serving": 1,
        "protein": 4.0,
        "complex_carbohydrates": 15.333333333333332,
        "type": "cold",
        "slug": "honey-nut-cheerios",
        "manufacturer": {
            "name": "General Mills"
        }
    },
    {
        "serving_weight": 1.0,
        "name": "Honey-comb",
        "sodium": 135.33834586466165,
        "vitamins_minerals": 25,
        "potassium": 26.315789473684209,
        "sugars": 8.2706766917293226,
        "calories": 82.706766917293223,
        "fat": 0.0,
        "dietary_fiber": 0.0,
        "display_shelf": 1,
        "cups_per_serving": 1,
        "protein": 0.75187969924812026,
        "complex_carbohydrates": 10.526315789473683,
        "type": "cold",
        "slug": "honey-comb",
        "manufacturer": {
            "name": "Post"
        }
    },
    {
        "serving_weight": 1.0,
        "name": "Just Right Crunchy  Nuggets",
        "sodium": 170.0,
        "vitamins_minerals": 100,
        "potassium": 60.0,
        "sugars": 6.0,
        "calories": 110.0,
        "fat": 1.0,
        "dietary_fiber": 1.0,
        "display_shelf": 3,
        "cups_per_serving": 1,
        "protein": 2.0,
        "complex_carbohydrates": 17.0,
        "type": "cold",
        "slug": "just-right-crunchy-nuggets",
        "manufacturer": {
            "name": "Kellogs"
        }
    },
    {
        "serving_weight": 1.3,
        "name": "Just Right Fruit & Nut",
        "sodium": 226.66666666666666,
        "vitamins_minerals": 100,
        "potassium": 126.66666666666666,
        "sugars": 12.0,
        "calories": 186.66666666666666,
        "fat": 1.3333333333333333,
        "dietary_fiber": 2.6666666666666665,
        "display_shelf": 3,
        "cups_per_serving": 1,
        "protein": 4.0,
        "complex_carbohydrates": 26.666666666666664,
        "type": "cold",
        "slug": "just-right-fruit-nut",
        "manufacturer": {
            "name": "Kellogs"
        }
    },
    {
        "serving_weight": 1.0,
        "name": "Kix",
        "sodium": 173.33333333333331,
        "vitamins_minerals": 25,
        "potassium": 26.666666666666664,
        "sugars": 2.0,
        "calories": 73.333333333333329,
        "fat": 0.66666666666666663,
        "dietary_fiber": 0.0,
        "display_shelf": 2,
        "cups_per_serving": 1,
        "protein": 1.3333333333333333,
        "complex_carbohydrates": 14.0,
        "type": "cold",
        "slug": "kix",
        "manufacturer": {
            "name": "General Mills"
        }
    },
    {
        "serving_weight": 1.0,
        "name": "Life",
        "sodium": 223.88059701492534,
        "vitamins_minerals": 25,
        "potassium": 141.79104477611938,
        "sugars": 8.9552238805970141,
        "calories": 149.25373134328356,
        "fat": 2.9850746268656714,
        "dietary_fiber": 2.9850746268656714,
        "display_shelf": 2,
        "cups_per_serving": 1,
        "protein": 5.9701492537313428,
        "complex_carbohydrates": 17.910447761194028,
        "type": "cold",
        "slug": "life",
        "manufacturer": {
            "name": "Quaker Oats"
        }
    },
    {
        "serving_weight": 1.0,
        "name": "Lucky Charms",
        "sodium": 180.0,
        "vitamins_minerals": 25,
        "potassium": 55.0,
        "sugars": 12.0,
        "calories": 110.0,
        "fat": 1.0,
        "dietary_fiber": 0.0,
        "display_shelf": 2,
        "cups_per_serving": 1,
        "protein": 2.0,
        "complex_carbohydrates": 12.0,
        "type": "cold",
        "slug": "lucky-charms",
        "manufacturer": {
            "name": "General Mills"
        }
    },
    {
        "serving_weight": 1.0,
        "name": "Maypo",
        "sodium": 0.0,
        "vitamins_minerals": 25,
        "potassium": 95.0,
        "sugars": 3.0,
        "calories": 100.0,
        "fat": 1.0,
        "dietary_fiber": 0.0,
        "display_shelf": 2,
        "cups_per_serving": 1,
        "protein": 4.0,
        "complex_carbohydrates": 16.0,
        "type": "hot",
        "slug": "maypo",
        "manufacturer": {
            "name": "American Home Food Products"
        }
    },
    {
        "serving_weight": -1.0,
        "name": "Muesli Raisins, Dates, & Almonds",
        "sodium": 95.0,
        "vitamins_minerals": 25,
        "potassium": 170.0,
        "sugars": 11.0,
        "calories": 150.0,
        "fat": 3.0,
        "dietary_fiber": 3.0,
        "display_shelf": 3,
        "cups_per_serving": 1,
        "protein": 4.0,
        "complex_carbohydrates": 16.0,
        "type": "cold",
        "slug": "muesli-raisins-dates-almonds",
        "manufacturer": {
            "name": "Ralston Purina"
        }
    },
    {
        "serving_weight": -1.0,
        "name": "Muesli Raisins, Peaches, & Pecans",
        "sodium": 150.0,
        "vitamins_minerals": 25,
        "potassium": 170.0,
        "sugars": 11.0,
        "calories": 150.0,
        "fat": 3.0,
        "dietary_fiber": 3.0,
        "display_shelf": 3,
        "cups_per_serving": 1,
        "protein": 4.0,
        "complex_carbohydrates": 16.0,
        "type": "cold",
        "slug": "muesli-raisins-peaches-pecans",
        "manufacturer": {
            "name": "Ralston Purina"
        }
    },
    {
        "serving_weight": 1.5,
        "name": "Mueslix Crispy Blend",
        "sodium": 223.88059701492534,
        "vitamins_minerals": 25,
        "potassium": 238.80597014925371,
        "sugars": 19.402985074626862,
        "calories": 238.80597014925371,
        "fat": 2.9850746268656714,
        "dietary_fiber": 4.4776119402985071,
        "display_shelf": 3,
        "cups_per_serving": 1,
        "protein": 4.4776119402985071,
        "complex_carbohydrates": 25.373134328358205,
        "type": "cold",
        "slug": "mueslix-crispy-blend",
        "manufacturer": {
            "name": "Kellogs"
        }
    },
    {
        "serving_weight": 1.0,
        "name": "Multi-Grain Cheerios",
        "sodium": 220.0,
        "vitamins_minerals": 25,
        "potassium": 90.0,
        "sugars": 6.0,
        "calories": 100.0,
        "fat": 1.0,
        "dietary_fiber": 2.0,
        "display_shelf": 1,
        "cups_per_serving": 1,
        "protein": 2.0,
        "complex_carbohydrates": 15.0,
        "type": "cold",
        "slug": "multi-grain-cheerios",
        "manufacturer": {
            "name": "General Mills"
        }
    },
    {
        "serving_weight": 1.0,
        "name": "Nut&Honey Crunch",
        "sodium": 283.58208955223876,
        "vitamins_minerals": 25,
        "potassium": 59.701492537313428,
        "sugars": 13.432835820895521,
        "calories": 179.1044776119403,
        "fat": 1.4925373134328357,
        "dietary_fiber": 0.0,
        "display_shelf": 2,
        "cups_per_serving": 1,
        "protein": 2.9850746268656714,
        "complex_carbohydrates": 22.388059701492537,
        "type": "cold",
        "slug": "nuthoney-crunch",
        "manufacturer": {
            "name": "Kellogs"
        }
    },
    {
        "serving_weight": 1.3300000000000001,
        "name": "Nutri-Grain Almond-Raisin",
        "sodium": 328.35820895522386,
        "vitamins_minerals": 25,
        "potassium": 194.02985074626864,
        "sugars": 10.44776119402985,
        "calories": 208.955223880597,
        "fat": 2.9850746268656714,
        "dietary_fiber": 4.4776119402985071,
        "display_shelf": 3,
        "cups_per_serving": 1,
        "protein": 4.4776119402985071,
        "complex_carbohydrates": 31.343283582089548,
        "type": "cold",
        "slug": "nutri-grain-almond-raisin",
        "manufacturer": {
            "name": "Kellogs"
        }
    },
    {
        "serving_weight": 1.0,
        "name": "Nutri-grain Wheat",
        "sodium": 170.0,
        "vitamins_minerals": 25,
        "potassium": 90.0,
        "sugars": 2.0,
        "calories": 90.0,
        "fat": 0.0,
        "dietary_fiber": 3.0,
        "display_shelf": 3,
        "cups_per_serving": 1,
        "protein": 3.0,
        "complex_carbohydrates": 18.0,
        "type": "cold",
        "slug": "nutri-grain-wheat",
        "manufacturer": {
            "name": "Kellogs"
        }
    },
    {
        "serving_weight": 1.25,
        "name": "Oatmeal Raisin Crisp",
        "sodium": 340.0,
        "vitamins_minerals": 25,
        "potassium": 240.0,
        "sugars": 20.0,
        "calories": 260.0,
        "fat": 4.0,
        "dietary_fiber": 3.0,
        "display_shelf": 3,
        "cups_per_serving": 1,
        "protein": 6.0,
        "complex_carbohydrates": 27.0,
        "type": "cold",
        "slug": "oatmeal-raisin-crisp",
        "manufacturer": {
            "name": "General Mills"
        }
    },
    {
        "serving_weight": 1.3300000000000001,
        "name": "Post Nat. Raisin Bran",
        "sodium": 298.50746268656712,
        "vitamins_minerals": 25,
        "potassium": 388.05970149253727,
        "sugars": 20.8955223880597,
        "calories": 179.1044776119403,
        "fat": 1.4925373134328357,
        "dietary_fiber": 8.9552238805970141,
        "display_shelf": 3,
        "cups_per_serving": 1,
        "protein": 4.4776119402985071,
        "complex_carbohydrates": 16.417910447761194,
        "type": "cold",
        "slug": "post-nat-raisin-bran",
        "manufacturer": {
            "name": "Post"
        }
    },
    {
        "serving_weight": 1.0,
        "name": "Product 19",
        "sodium": 320.0,
        "vitamins_minerals": 100,
        "potassium": 45.0,
        "sugars": 3.0,
        "calories": 100.0,
        "fat": 0.0,
        "dietary_fiber": 1.0,
        "display_shelf": 3,
        "cups_per_serving": 1,
        "protein": 3.0,
        "complex_carbohydrates": 20.0,
        "type": "cold",
        "slug": "product-19",
        "manufacturer": {
            "name": "Kellogs"
        }
    },
    {
        "serving_weight": 0.5,
        "name": "Puffed Rice",
        "sodium": 0.0,
        "vitamins_minerals": 0,
        "potassium": 15.0,
        "sugars": 0.0,
        "calories": 50.0,
        "fat": 0.0,
        "dietary_fiber": 0.0,
        "display_shelf": 3,
        "cups_per_serving": 1,
        "protein": 1.0,
        "complex_carbohydrates": 13.0,
        "type": "cold",
        "slug": "puffed-rice",
        "manufacturer": {
            "name": "Quaker Oats"
        }
    },
    {
        "serving_weight": 0.5,
        "name": "Puffed Wheat",
        "sodium": 0.0,
        "vitamins_minerals": 0,
        "potassium": 50.0,
        "sugars": 0.0,
        "calories": 50.0,
        "fat": 0.0,
        "dietary_fiber": 1.0,
        "display_shelf": 3,
        "cups_per_serving": 1,
        "protein": 2.0,
        "complex_carbohydrates": 10.0,
        "type": "cold",
        "slug": "puffed-wheat",
        "manufacturer": {
            "name": "Quaker Oats"
        }
    },
    {
        "serving_weight": 1.0,
        "name": "Quaker Oat Squares",
        "sodium": 270.0,
        "vitamins_minerals": 25,
        "potassium": 220.0,
        "sugars": 12.0,
        "calories": 200.0,
        "fat": 2.0,
        "dietary_fiber": 4.0,
        "display_shelf": 3,
        "cups_per_serving": 1,
        "protein": 8.0,
        "complex_carbohydrates": 28.0,
        "type": "cold",
        "slug": "quaker-oat-squares",
        "manufacturer": {
            "name": "Quaker Oats"
        }
    },
    {
        "serving_weight": 1.0,
        "name": "Quaker Oatmeal",
        "sodium": 0.0,
        "vitamins_minerals": 0,
        "potassium": 164.17910447761193,
        "sugars": -1.0,
        "calories": 149.25373134328356,
        "fat": 2.9850746268656714,
        "dietary_fiber": 4.0298507462686564,
        "display_shelf": 1,
        "cups_per_serving": 1,
        "protein": 7.4626865671641784,
        "complex_carbohydrates": -1.0,
        "type": "hot",
        "slug": "quaker-oatmeal",
        "manufacturer": {
            "name": "Quaker Oats"
        }
    },
    {
        "serving_weight": 1.3300000000000001,
        "name": "Raisin Bran",
        "sodium": 280.0,
        "vitamins_minerals": 25,
        "potassium": 320.0,
        "sugars": 16.0,
        "calories": 160.0,
        "fat": 1.3333333333333333,
        "dietary_fiber": 6.6666666666666661,
        "display_shelf": 2,
        "cups_per_serving": 1,
        "protein": 4.0,
        "complex_carbohydrates": 18.666666666666664,
        "type": "cold",
        "slug": "raisin-bran",
        "manufacturer": {
            "name": "Kellogs"
        }
    },
    {
        "serving_weight": 1.0,
        "name": "Raisin Nut Bran",
        "sodium": 280.0,
        "vitamins_minerals": 25,
        "potassium": 280.0,
        "sugars": 16.0,
        "calories": 200.0,
        "fat": 4.0,
        "dietary_fiber": 5.0,
        "display_shelf": 3,
        "cups_per_serving": 1,
        "protein": 6.0,
        "complex_carbohydrates": 21.0,
        "type": "cold",
        "slug": "raisin-nut-bran",
        "manufacturer": {
            "name": "General Mills"
        }
    },
    {
        "serving_weight": 1.0,
        "name": "Raisin Squares",
        "sodium": 0.0,
        "vitamins_minerals": 25,
        "potassium": 220.0,
        "sugars": 12.0,
        "calories": 180.0,
        "fat": 0.0,
        "dietary_fiber": 4.0,
        "display_shelf": 3,
        "cups_per_serving": 1,
        "protein": 4.0,
        "complex_carbohydrates": 30.0,
        "type": "cold",
        "slug": "raisin-squares",
        "manufacturer": {
            "name": "Kellogs"
        }
    },
    {
        "serving_weight": 1.0,
        "name": "Rice Chex",
        "sodium": 212.38938053097345,
        "vitamins_minerals": 25,
        "potassium": 26.548672566371682,
        "sugars": 1.7699115044247788,
        "calories": 97.345132743362839,
        "fat": 0.0,
        "dietary_fiber": 0.0,
        "display_shelf": 1,
        "cups_per_serving": 1,
        "protein": 0.88495575221238942,
        "complex_carbohydrates": 20.353982300884958,
        "type": "cold",
        "slug": "rice-chex",
        "manufacturer": {
            "name": "Ralston Purina"
        }
    },
    {
        "serving_weight": 1.0,
        "name": "Rice Krispies",
        "sodium": 290.0,
        "vitamins_minerals": 25,
        "potassium": 35.0,
        "sugars": 3.0,
        "calories": 110.0,
        "fat": 0.0,
        "dietary_fiber": 0.0,
        "display_shelf": 1,
        "cups_per_serving": 1,
        "protein": 2.0,
        "complex_carbohydrates": 22.0,
        "type": "cold",
        "slug": "rice-krispies",
        "manufacturer": {
            "name": "Kellogs"
        }
    },
    {
        "serving_weight": 0.82999999999999996,
        "name": "Shredded Wheat",
        "sodium": 0.0,
        "vitamins_minerals": 0,
        "potassium": 95.0,
        "sugars": 0.0,
        "calories": 80.0,
        "fat": 0.0,
        "dietary_fiber": 3.0,
        "display_shelf": 1,
        "cups_per_serving": 1,
        "protein": 2.0,
        "complex_carbohydrates": 16.0,
        "type": "cold",
        "slug": "shredded-wheat",
        "manufacturer": {
            "name": "Nabisco"
        }
    },
    {
        "serving_weight": 1.0,
        "name": "Shredded Wheat 'n'Bran",
        "sodium": 0.0,
        "vitamins_minerals": 0,
        "potassium": 208.955223880597,
        "sugars": 0.0,
        "calories": 134.32835820895522,
        "fat": 0.0,
        "dietary_fiber": 5.9701492537313428,
        "display_shelf": 1,
        "cups_per_serving": 1,
        "protein": 4.4776119402985071,
        "complex_carbohydrates": 28.35820895522388,
        "type": "cold",
        "slug": "shredded-wheat-nbran",
        "manufacturer": {
            "name": "Nabisco"
        }
    },
    {
        "serving_weight": 1.0,
        "name": "Shredded Wheat spoon size",
        "sodium": 0.0,
        "vitamins_minerals": 0,
        "potassium": 179.1044776119403,
        "sugars": 0.0,
        "calories": 134.32835820895522,
        "fat": 0.0,
        "dietary_fiber": 4.4776119402985071,
        "display_shelf": 1,
        "cups_per_serving": 1,
        "protein": 4.4776119402985071,
        "complex_carbohydrates": 29.850746268656714,
        "type": "cold",
        "slug": "shredded-wheat-spoon-size",
        "manufacturer": {
            "name": "Nabisco"
        }
    },
    {
        "serving_weight": 1.0,
        "name": "Smacks",
        "sodium": 93.333333333333329,
        "vitamins_minerals": 25,
        "potassium": 53.333333333333329,
        "sugars": 20.0,
        "calories": 146.66666666666666,
        "fat": 1.3333333333333333,
        "dietary_fiber": 1.3333333333333333,
        "display_shelf": 2,
        "cups_per_serving": 1,
        "protein": 2.6666666666666665,
        "complex_carbohydrates": 12.0,
        "type": "cold",
        "slug": "smacks",
        "manufacturer": {
            "name": "Kellogs"
        }
    },
    {
        "serving_weight": 1.0,
        "name": "Special K",
        "sodium": 230.0,
        "vitamins_minerals": 25,
        "potassium": 55.0,
        "sugars": 3.0,
        "calories": 110.0,
        "fat": 0.0,
        "dietary_fiber": 1.0,
        "display_shelf": 1,
        "cups_per_serving": 1,
        "protein": 6.0,
        "complex_carbohydrates": 16.0,
        "type": "cold",
        "slug": "special-k",
        "manufacturer": {
            "name": "Kellogs"
        }
    },
    {
        "serving_weight": 1.0,
        "name": "Strawberry Fruit Wheats",
        "sodium": 15.0,
        "vitamins_minerals": 25,
        "potassium": 90.0,
        "sugars": 5.0,
        "calories": 90.0,
        "fat": 0.0,
        "dietary_fiber": 3.0,
        "display_shelf": 2,
        "cups_per_serving": 1,
        "protein": 2.0,
        "complex_carbohydrates": 15.0,
        "type": "cold",
        "slug": "strawberry-fruit-wheats",
        "manufacturer": {
            "name": "Nabisco"
        }
    },
    {
        "serving_weight": 1.0,
        "name": "Total Corn Flakes",
        "sodium": 200.0,
        "vitamins_minerals": 100,
        "potassium": 35.0,
        "sugars": 3.0,
        "calories": 110.0,
        "fat": 1.0,
        "dietary_fiber": 0.0,
        "display_shelf": 3,
        "cups_per_serving": 1,
        "protein": 2.0,
        "complex_carbohydrates": 21.0,
        "type": "cold",
        "slug": "total-corn-flakes",
        "manufacturer": {
            "name": "General Mills"
        }
    },
    {
        "serving_weight": 1.5,
        "name": "Total Raisin Bran",
        "sodium": 190.0,
        "vitamins_minerals": 100,
        "potassium": 230.0,
        "sugars": 14.0,
        "calories": 140.0,
        "fat": 1.0,
        "dietary_fiber": 4.0,
        "display_shelf": 3,
        "cups_per_serving": 1,
        "protein": 3.0,
        "complex_carbohydrates": 15.0,
        "type": "cold",
        "slug": "total-raisin-bran",
        "manufacturer": {
            "name": "General Mills"
        }
    },
    {
        "serving_weight": 1.0,
        "name": "Total Whole Grain",
        "sodium": 200.0,
        "vitamins_minerals": 100,
        "potassium": 110.0,
        "sugars": 3.0,
        "calories": 100.0,
        "fat": 1.0,
        "dietary_fiber": 3.0,
        "display_shelf": 3,
        "cups_per_serving": 1,
        "protein": 3.0,
        "complex_carbohydrates": 16.0,
        "type": "cold",
        "slug": "total-whole-grain",
        "manufacturer": {
            "name": "General Mills"
        }
    },
    {
        "serving_weight": 1.0,
        "name": "Triples",
        "sodium": 333.33333333333331,
        "vitamins_minerals": 25,
        "potassium": 80.0,
        "sugars": 4.0,
        "calories": 146.66666666666666,
        "fat": 1.3333333333333333,
        "dietary_fiber": 0.0,
        "display_shelf": 3,
        "cups_per_serving": 1,
        "protein": 2.6666666666666665,
        "complex_carbohydrates": 28.0,
        "type": "cold",
        "slug": "triples",
        "manufacturer": {
            "name": "General Mills"
        }
    },
    {
        "serving_weight": 1.0,
        "name": "Trix",
        "sodium": 140.0,
        "vitamins_minerals": 25,
        "potassium": 25.0,
        "sugars": 12.0,
        "calories": 110.0,
        "fat": 1.0,
        "dietary_fiber": 0.0,
        "display_shelf": 2,
        "cups_per_serving": 1,
        "protein": 1.0,
        "complex_carbohydrates": 13.0,
        "type": "cold",
        "slug": "trix",
        "manufacturer": {
            "name": "General Mills"
        }
    },
    {
        "serving_weight": 1.0,
        "name": "Wheat Chex",
        "sodium": 343.28358208955223,
        "vitamins_minerals": 25,
        "potassium": 171.64179104477611,
        "sugars": 4.4776119402985071,
        "calories": 149.25373134328356,
        "fat": 1.4925373134328357,
        "dietary_fiber": 4.4776119402985071,
        "display_shelf": 1,
        "cups_per_serving": 1,
        "protein": 4.4776119402985071,
        "complex_carbohydrates": 25.373134328358205,
        "type": "cold",
        "slug": "wheat-chex",
        "manufacturer": {
            "name": "Ralston Purina"
        }
    },
    {
        "serving_weight": 1.0,
        "name": "Wheaties",
        "sodium": 200.0,
        "vitamins_minerals": 25,
        "potassium": 110.0,
        "sugars": 3.0,
        "calories": 100.0,
        "fat": 1.0,
        "dietary_fiber": 3.0,
        "display_shelf": 1,
        "cups_per_serving": 1,
        "protein": 3.0,
        "complex_carbohydrates": 17.0,
        "type": "cold",
        "slug": "wheaties",
        "manufacturer": {
            "name": "General Mills"
        }
    },
    {
        "serving_weight": 1.0,
        "name": "Wheaties Honey Gold",
        "sodium": 266.66666666666663,
        "vitamins_minerals": 25,
        "potassium": 80.0,
        "sugars": 10.666666666666666,
        "calories": 146.66666666666666,
        "fat": 1.3333333333333333,
        "dietary_fiber": 1.3333333333333333,
        "display_shelf": 1,
        "cups_per_serving": 1,
        "protein": 2.6666666666666665,
        "complex_carbohydrates": 21.333333333333332,
        "type": "cold",
        "slug": "wheaties-honey-gold",
        "manufacturer": {
            "name": "General Mills"
        }
    }
]
