{
    "grape-nuts-flakes": {
        "serving_weight": "1",
        "name": "Grape Nuts Flakes",
        "sodium": "140",
        "vitamins_minerals": "25",
        "potassium": "85",
        "sugars": "5",
        "calories": "100",
        "fat": "1",
        "dietary_fiber": "3",
        "display_shelf": "3",
        "cups_per_serving": "0.88",
        "protein": "3",
        "complex_carbohydrates": "15",
        "type": "cold",
        "slug": "grape-nuts-flakes",
        "manufacturer": {
            "name": "Post"
        }
    },
    "quaker-oatmeal": {
        "serving_weight": "1",
        "name": "Quaker Oatmeal",
        "sodium": "0",
        "vitamins_minerals": "0",
        "potassium": "110",
        "sugars": "-1",
        "calories": "100",
        "fat": "2",
        "dietary_fiber": "2.7",
        "display_shelf": "1",
        "cups_per_serving": "0.67",
        "protein": "5",
        "complex_carbohydrates": "-1",
        "type": "hot",
        "slug": "quaker-oatmeal",
        "manufacturer": {
            "name": "Quaker Oats"
        }
    },
    "wheaties": {
        "serving_weight": "1",
        "name": "Wheaties",
        "sodium": "200",
        "vitamins_minerals": "25",
        "potassium": "110",
        "sugars": "3",
        "calories": "100",
        "fat": "1",
        "dietary_fiber": "3",
        "display_shelf": "1",
        "cups_per_serving": "1",
        "protein": "3",
        "complex_carbohydrates": "17",
        "type": "cold",
        "slug": "wheaties",
        "manufacturer": {
            "name": "General Mills"
        }
    },
    "100-natural-bran": {
        "serving_weight": "1",
        "name": "100% Natural Bran",
        "sodium": "15",
        "vitamins_minerals": "0",
        "potassium": "135",
        "sugars": "8",
        "calories": "120",
        "fat": "5",
        "dietary_fiber": "2",
        "display_shelf": "3",
        "cups_per_serving": "-1",
        "protein": "3",
        "complex_carbohydrates": "8",
        "type": "cold",
        "slug": "100-natural-bran",
        "manufacturer": {
            "name": "Quaker Oats"
        }
    },
    "crispy-wheat-raisins": {
        "serving_weight": "1",
        "name": "Crispy Wheat & Raisins",
        "sodium": "140",
        "vitamins_minerals": "25",
        "potassium": "120",
        "sugars": "10",
        "calories": "100",
        "fat": "1",
        "dietary_fiber": "2",
        "display_shelf": "3",
        "cups_per_serving": "0.75",
        "protein": "2",
        "complex_carbohydrates": "11",
        "type": "cold",
        "slug": "crispy-wheat-raisins",
        "manufacturer": {
            "name": "General Mills"
        }
    },
    "nutri-grain-wheat": {
        "serving_weight": "1",
        "name": "Nutri-grain Wheat",
        "sodium": "170",
        "vitamins_minerals": "25",
        "potassium": "90",
        "sugars": "2",
        "calories": "90",
        "fat": "0",
        "dietary_fiber": "3",
        "display_shelf": "3",
        "cups_per_serving": "-1",
        "protein": "3",
        "complex_carbohydrates": "18",
        "type": "cold",
        "slug": "nutri-grain-wheat",
        "manufacturer": {
            "name": "Kellogs"
        }
    },
    "bran-chex": {
        "serving_weight": "1",
        "name": "Bran Chex",
        "sodium": "200",
        "vitamins_minerals": "25",
        "potassium": "125",
        "sugars": "6",
        "calories": "90",
        "fat": "1",
        "dietary_fiber": "4",
        "display_shelf": "1",
        "cups_per_serving": "0.67",
        "protein": "2",
        "complex_carbohydrates": "15",
        "type": "cold",
        "slug": "bran-chex",
        "manufacturer": {
            "name": "Ralston Purina"
        }
    },
    "raisin-bran": {
        "serving_weight": "1.33",
        "name": "Raisin Bran",
        "sodium": "210",
        "vitamins_minerals": "25",
        "potassium": "240",
        "sugars": "12",
        "calories": "120",
        "fat": "1",
        "dietary_fiber": "5",
        "display_shelf": "2",
        "cups_per_serving": "0.75",
        "protein": "3",
        "complex_carbohydrates": "14",
        "type": "cold",
        "slug": "raisin-bran",
        "manufacturer": {
            "name": "Kellogs"
        }
    },
    "special-k": {
        "serving_weight": "1",
        "name": "Special K",
        "sodium": "230",
        "vitamins_minerals": "25",
        "potassium": "55",
        "sugars": "3",
        "calories": "110",
        "fat": "0",
        "dietary_fiber": "1",
        "display_shelf": "1",
        "cups_per_serving": "1",
        "protein": "6",
        "complex_carbohydrates": "16",
        "type": "cold",
        "slug": "special-k",
        "manufacturer": {
            "name": "Kellogs"
        }
    },
    "product-19": {
        "serving_weight": "1",
        "name": "Product 19",
        "sodium": "320",
        "vitamins_minerals": "100",
        "potassium": "45",
        "sugars": "3",
        "calories": "100",
        "fat": "0",
        "dietary_fiber": "1",
        "display_shelf": "3",
        "cups_per_serving": "1",
        "protein": "3",
        "complex_carbohydrates": "20",
        "type": "cold",
        "slug": "product-19",
        "manufacturer": {
            "name": "Kellogs"
        }
    },
    "100-bran": {
        "serving_weight": "1",
        "name": "100% Bran",
        "sodium": "130",
        "vitamins_minerals": "25",
        "potassium": "280",
        "sugars": "6",
        "calories": "70",
        "fat": "1",
        "dietary_fiber": "10",
        "display_shelf": "3",
        "cups_per_serving": "0.33",
        "protein": "4",
        "complex_carbohydrates": "5",
        "type": "cold",
        "slug": "100-bran",
        "manufacturer": {
            "name": "Nabisco"
        }
    },
    "wheaties-honey-gold": {
        "serving_weight": "1",
        "name": "Wheaties Honey Gold",
        "sodium": "200",
        "vitamins_minerals": "25",
        "potassium": "60",
        "sugars": "8",
        "calories": "110",
        "fat": "1",
        "dietary_fiber": "1",
        "display_shelf": "1",
        "cups_per_serving": "0.75",
        "protein": "2",
        "complex_carbohydrates": "16",
        "type": "cold",
        "slug": "wheaties-honey-gold",
        "manufacturer": {
            "name": "General Mills"
        }
    },
    "trix": {
        "serving_weight": "1",
        "name": "Trix",
        "sodium": "140",
        "vitamins_minerals": "25",
        "potassium": "25",
        "sugars": "12",
        "calories": "110",
        "fat": "1",
        "dietary_fiber": "0",
        "display_shelf": "2",
        "cups_per_serving": "1",
        "protein": "1",
        "complex_carbohydrates": "13",
        "type": "cold",
        "slug": "trix",
        "manufacturer": {
            "name": "General Mills"
        }
    },
    "just-right-crunchy-nuggets": {
        "serving_weight": "1",
        "name": "Just Right Crunchy  Nuggets",
        "sodium": "170",
        "vitamins_minerals": "100",
        "potassium": "60",
        "sugars": "6",
        "calories": "110",
        "fat": "1",
        "dietary_fiber": "1",
        "display_shelf": "3",
        "cups_per_serving": "-1",
        "protein": "2",
        "complex_carbohydrates": "17",
        "type": "cold",
        "slug": "just-right-crunchy-nuggets",
        "manufacturer": {
            "name": "Kellogs"
        }
    },
    "almond-delight": {
        "serving_weight": "1",
        "name": "Almond Delight",
        "sodium": "200",
        "vitamins_minerals": "25",
        "potassium": "-1",
        "sugars": "8",
        "calories": "110",
        "fat": "2",
        "dietary_fiber": "1",
        "display_shelf": "3",
        "cups_per_serving": "0.75",
        "protein": "2",
        "complex_carbohydrates": "14",
        "type": "cold",
        "slug": "almond-delight",
        "manufacturer": {
            "name": "Ralston Purina"
        }
    },
    "apple-cinnamon-cheerios": {
        "serving_weight": "1",
        "name": "Apple Cinnamon Cheerios",
        "sodium": "180",
        "vitamins_minerals": "25",
        "potassium": "70",
        "sugars": "10",
        "calories": "110",
        "fat": "2",
        "dietary_fiber": "1.5",
        "display_shelf": "1",
        "cups_per_serving": "0.75",
        "protein": "2",
        "complex_carbohydrates": "10.5",
        "type": "cold",
        "slug": "apple-cinnamon-cheerios",
        "manufacturer": {
            "name": "General Mills"
        }
    },
    "shredded-wheat-nbran": {
        "serving_weight": "1",
        "name": "Shredded Wheat 'n'Bran",
        "sodium": "0",
        "vitamins_minerals": "0",
        "potassium": "140",
        "sugars": "0",
        "calories": "90",
        "fat": "0",
        "dietary_fiber": "4",
        "display_shelf": "1",
        "cups_per_serving": "0.67",
        "protein": "3",
        "complex_carbohydrates": "19",
        "type": "cold",
        "slug": "shredded-wheat-nbran",
        "manufacturer": {
            "name": "Nabisco"
        }
    },
    "cheerios": {
        "serving_weight": "1",
        "name": "Cheerios",
        "sodium": "290",
        "vitamins_minerals": "25",
        "potassium": "105",
        "sugars": "1",
        "calories": "110",
        "fat": "2",
        "dietary_fiber": "2",
        "display_shelf": "1",
        "cups_per_serving": "1.25",
        "protein": "6",
        "complex_carbohydrates": "17",
        "type": "cold",
        "slug": "cheerios",
        "manufacturer": {
            "name": "General Mills"
        }
    },
    "great-grains-pecan": {
        "serving_weight": "1",
        "name": "Great Grains Pecan",
        "sodium": "75",
        "vitamins_minerals": "25",
        "potassium": "100",
        "sugars": "4",
        "calories": "120",
        "fat": "3",
        "dietary_fiber": "3",
        "display_shelf": "3",
        "cups_per_serving": "0.33",
        "protein": "3",
        "complex_carbohydrates": "13",
        "type": "cold",
        "slug": "great-grains-pecan",
        "manufacturer": {
            "name": "Post"
        }
    },
    "muesli-raisins-dates-almonds": {
        "serving_weight": "-1",
        "name": "Muesli Raisins, Dates, & Almonds",
        "sodium": "95",
        "vitamins_minerals": "25",
        "potassium": "170",
        "sugars": "11",
        "calories": "150",
        "fat": "3",
        "dietary_fiber": "3",
        "display_shelf": "3",
        "cups_per_serving": "-1",
        "protein": "4",
        "complex_carbohydrates": "16",
        "type": "cold",
        "slug": "muesli-raisins-dates-almonds",
        "manufacturer": {
            "name": "Ralston Purina"
        }
    },
    "bran-flakes": {
        "serving_weight": "1",
        "name": "Bran Flakes",
        "sodium": "210",
        "vitamins_minerals": "25",
        "potassium": "190",
        "sugars": "5",
        "calories": "90",
        "fat": "0",
        "dietary_fiber": "5",
        "display_shelf": "3",
        "cups_per_serving": "0.67",
        "protein": "3",
        "complex_carbohydrates": "13",
        "type": "cold",
        "slug": "bran-flakes",
        "manufacturer": {
            "name": "Post"
        }
    },
    "double-chex": {
        "serving_weight": "1",
        "name": "Double Chex",
        "sodium": "190",
        "vitamins_minerals": "25",
        "potassium": "80",
        "sugars": "5",
        "calories": "100",
        "fat": "0",
        "dietary_fiber": "1",
        "display_shelf": "3",
        "cups_per_serving": "0.75",
        "protein": "2",
        "complex_carbohydrates": "18",
        "type": "cold",
        "slug": "double-chex",
        "manufacturer": {
            "name": "Ralston Purina"
        }
    },
    "wheat-chex": {
        "serving_weight": "1",
        "name": "Wheat Chex",
        "sodium": "230",
        "vitamins_minerals": "25",
        "potassium": "115",
        "sugars": "3",
        "calories": "100",
        "fat": "1",
        "dietary_fiber": "3",
        "display_shelf": "1",
        "cups_per_serving": "0.67",
        "protein": "3",
        "complex_carbohydrates": "17",
        "type": "cold",
        "slug": "wheat-chex",
        "manufacturer": {
            "name": "Ralston Purina"
        }
    },
    "cracklin-oat-bran": {
        "serving_weight": "1",
        "name": "Cracklin' Oat Bran",
        "sodium": "140",
        "vitamins_minerals": "25",
        "potassium": "160",
        "sugars": "7",
        "calories": "110",
        "fat": "3",
        "dietary_fiber": "4",
        "display_shelf": "3",
        "cups_per_serving": "0.5",
        "protein": "3",
        "complex_carbohydrates": "10",
        "type": "cold",
        "slug": "cracklin-oat-bran",
        "manufacturer": {
            "name": "Kellogs"
        }
    },
    "corn-pops": {
        "serving_weight": "1",
        "name": "Corn Pops",
        "sodium": "90",
        "vitamins_minerals": "25",
        "potassium": "20",
        "sugars": "12",
        "calories": "110",
        "fat": "0",
        "dietary_fiber": "1",
        "display_shelf": "2",
        "cups_per_serving": "1",
        "protein": "1",
        "complex_carbohydrates": "13",
        "type": "cold",
        "slug": "corn-pops",
        "manufacturer": {
            "name": "Kellogs"
        }
    },
    "puffed-rice": {
        "serving_weight": "0.5",
        "name": "Puffed Rice",
        "sodium": "0",
        "vitamins_minerals": "0",
        "potassium": "15",
        "sugars": "0",
        "calories": "50",
        "fat": "0",
        "dietary_fiber": "0",
        "display_shelf": "3",
        "cups_per_serving": "1",
        "protein": "1",
        "complex_carbohydrates": "13",
        "type": "cold",
        "slug": "puffed-rice",
        "manufacturer": {
            "name": "Quaker Oats"
        }
    },
    "honey-nut-cheerios": {
        "serving_weight": "1",
        "name": "Honey Nut Cheerios",
        "sodium": "250",
        "vitamins_minerals": "25",
        "potassium": "90",
        "sugars": "10",
        "calories": "110",
        "fat": "1",
        "dietary_fiber": "1.5",
        "display_shelf": "1",
        "cups_per_serving": "0.75",
        "protein": "3",
        "complex_carbohydrates": "11.5",
        "type": "cold",
        "slug": "honey-nut-cheerios",
        "manufacturer": {
            "name": "General Mills"
        }
    },
    "rice-chex": {
        "serving_weight": "1",
        "name": "Rice Chex",
        "sodium": "240",
        "vitamins_minerals": "25",
        "potassium": "30",
        "sugars": "2",
        "calories": "110",
        "fat": "0",
        "dietary_fiber": "0",
        "display_shelf": "1",
        "cups_per_serving": "1.13",
        "protein": "1",
        "complex_carbohydrates": "23",
        "type": "cold",
        "slug": "rice-chex",
        "manufacturer": {
            "name": "Ralston Purina"
        }
    },
    "apple-jacks": {
        "serving_weight": "1",
        "name": "Apple Jacks",
        "sodium": "125",
        "vitamins_minerals": "25",
        "potassium": "30",
        "sugars": "14",
        "calories": "110",
        "fat": "0",
        "dietary_fiber": "1",
        "display_shelf": "2",
        "cups_per_serving": "1",
        "protein": "2",
        "complex_carbohydrates": "11",
        "type": "cold",
        "slug": "apple-jacks",
        "manufacturer": {
            "name": "Kellogs"
        }
    },
    "fruity-pebbles": {
        "serving_weight": "1",
        "name": "Fruity Pebbles",
        "sodium": "135",
        "vitamins_minerals": "25",
        "potassium": "25",
        "sugars": "12",
        "calories": "110",
        "fat": "1",
        "dietary_fiber": "0",
        "display_shelf": "2",
        "cups_per_serving": "0.75",
        "protein": "1",
        "complex_carbohydrates": "13",
        "type": "cold",
        "slug": "fruity-pebbles",
        "manufacturer": {
            "name": "Post"
        }
    },
    "oatmeal-raisin-crisp": {
        "serving_weight": "1.25",
        "name": "Oatmeal Raisin Crisp",
        "sodium": "170",
        "vitamins_minerals": "25",
        "potassium": "120",
        "sugars": "10",
        "calories": "130",
        "fat": "2",
        "dietary_fiber": "1.5",
        "display_shelf": "3",
        "cups_per_serving": "0.5",
        "protein": "3",
        "complex_carbohydrates": "13.5",
        "type": "cold",
        "slug": "oatmeal-raisin-crisp",
        "manufacturer": {
            "name": "General Mills"
        }
    },
    "froot-loops": {
        "serving_weight": "1",
        "name": "Froot Loops",
        "sodium": "125",
        "vitamins_minerals": "25",
        "potassium": "30",
        "sugars": "13",
        "calories": "110",
        "fat": "1",
        "dietary_fiber": "1",
        "display_shelf": "2",
        "cups_per_serving": "1",
        "protein": "2",
        "complex_carbohydrates": "11",
        "type": "cold",
        "slug": "froot-loops",
        "manufacturer": {
            "name": "Kellogs"
        }
    },
    "clusters": {
        "serving_weight": "1",
        "name": "Clusters",
        "sodium": "140",
        "vitamins_minerals": "25",
        "potassium": "105",
        "sugars": "7",
        "calories": "110",
        "fat": "2",
        "dietary_fiber": "2",
        "display_shelf": "3",
        "cups_per_serving": "0.5",
        "protein": "3",
        "complex_carbohydrates": "13",
        "type": "cold",
        "slug": "clusters",
        "manufacturer": {
            "name": "General Mills"
        }
    },
    "corn-flakes": {
        "serving_weight": "1",
        "name": "Corn Flakes",
        "sodium": "290",
        "vitamins_minerals": "25",
        "potassium": "35",
        "sugars": "2",
        "calories": "100",
        "fat": "0",
        "dietary_fiber": "1",
        "display_shelf": "1",
        "cups_per_serving": "1",
        "protein": "2",
        "complex_carbohydrates": "21",
        "type": "cold",
        "slug": "corn-flakes",
        "manufacturer": {
            "name": "Kellogs"
        }
    },
    "multi-grain-cheerios": {
        "serving_weight": "1",
        "name": "Multi-Grain Cheerios",
        "sodium": "220",
        "vitamins_minerals": "25",
        "potassium": "90",
        "sugars": "6",
        "calories": "100",
        "fat": "1",
        "dietary_fiber": "2",
        "display_shelf": "1",
        "cups_per_serving": "1",
        "protein": "2",
        "complex_carbohydrates": "15",
        "type": "cold",
        "slug": "multi-grain-cheerios",
        "manufacturer": {
            "name": "General Mills"
        }
    },
    "life": {
        "serving_weight": "1",
        "name": "Life",
        "sodium": "150",
        "vitamins_minerals": "25",
        "potassium": "95",
        "sugars": "6",
        "calories": "100",
        "fat": "2",
        "dietary_fiber": "2",
        "display_shelf": "2",
        "cups_per_serving": "0.67",
        "protein": "4",
        "complex_carbohydrates": "12",
        "type": "cold",
        "slug": "life",
        "manufacturer": {
            "name": "Quaker Oats"
        }
    },
    "honey-comb": {
        "serving_weight": "1",
        "name": "Honey-comb",
        "sodium": "180",
        "vitamins_minerals": "25",
        "potassium": "35",
        "sugars": "11",
        "calories": "110",
        "fat": "0",
        "dietary_fiber": "0",
        "display_shelf": "1",
        "cups_per_serving": "1.33",
        "protein": "1",
        "complex_carbohydrates": "14",
        "type": "cold",
        "slug": "honey-comb",
        "manufacturer": {
            "name": "Post"
        }
    },
    "corn-chex": {
        "serving_weight": "1",
        "name": "Corn Chex",
        "sodium": "280",
        "vitamins_minerals": "25",
        "potassium": "25",
        "sugars": "3",
        "calories": "110",
        "fat": "0",
        "dietary_fiber": "0",
        "display_shelf": "1",
        "cups_per_serving": "1",
        "protein": "2",
        "complex_carbohydrates": "22",
        "type": "cold",
        "slug": "corn-chex",
        "manufacturer": {
            "name": "Ralston Purina"
        }
    },
    "total-raisin-bran": {
        "serving_weight": "1.5",
        "name": "Total Raisin Bran",
        "sodium": "190",
        "vitamins_minerals": "100",
        "potassium": "230",
        "sugars": "14",
        "calories": "140",
        "fat": "1",
        "dietary_fiber": "4",
        "display_shelf": "3",
        "cups_per_serving": "1",
        "protein": "3",
        "complex_carbohydrates": "15",
        "type": "cold",
        "slug": "total-raisin-bran",
        "manufacturer": {
            "name": "General Mills"
        }
    },
    "basic-4": {
        "serving_weight": "1.33",
        "name": "Basic 4",
        "sodium": "210",
        "vitamins_minerals": "25",
        "potassium": "100",
        "sugars": "8",
        "calories": "130",
        "fat": "2",
        "dietary_fiber": "2",
        "display_shelf": "3",
        "cups_per_serving": "0.75",
        "protein": "3",
        "complex_carbohydrates": "18",
        "type": "cold",
        "slug": "basic-4",
        "manufacturer": {
            "name": "General Mills"
        }
    },
    "kix": {
        "serving_weight": "1",
        "name": "Kix",
        "sodium": "260",
        "vitamins_minerals": "25",
        "potassium": "40",
        "sugars": "3",
        "calories": "110",
        "fat": "1",
        "dietary_fiber": "0",
        "display_shelf": "2",
        "cups_per_serving": "1.5",
        "protein": "2",
        "complex_carbohydrates": "21",
        "type": "cold",
        "slug": "kix",
        "manufacturer": {
            "name": "General Mills"
        }
    },
    "triples": {
        "serving_weight": "1",
        "name": "Triples",
        "sodium": "250",
        "vitamins_minerals": "25",
        "potassium": "60",
        "sugars": "3",
        "calories": "110",
        "fat": "1",
        "dietary_fiber": "0",
        "display_shelf": "3",
        "cups_per_serving": "0.75",
        "protein": "2",
        "complex_carbohydrates": "21",
        "type": "cold",
        "slug": "triples",
        "manufacturer": {
            "name": "General Mills"
        }
    },
    "post-nat-raisin-bran": {
        "serving_weight": "1.33",
        "name": "Post Nat. Raisin Bran",
        "sodium": "200",
        "vitamins_minerals": "25",
        "potassium": "260",
        "sugars": "14",
        "calories": "120",
        "fat": "1",
        "dietary_fiber": "6",
        "display_shelf": "3",
        "cups_per_serving": "0.67",
        "protein": "3",
        "complex_carbohydrates": "11",
        "type": "cold",
        "slug": "post-nat-raisin-bran",
        "manufacturer": {
            "name": "Post"
        }
    },
    "cinnamon-toast-crunch": {
        "serving_weight": "1",
        "name": "Cinnamon Toast Crunch",
        "sodium": "210",
        "vitamins_minerals": "25",
        "potassium": "45",
        "sugars": "9",
        "calories": "120",
        "fat": "3",
        "dietary_fiber": "0",
        "display_shelf": "2",
        "cups_per_serving": "0.75",
        "protein": "1",
        "complex_carbohydrates": "13",
        "type": "cold",
        "slug": "cinnamon-toast-crunch",
        "manufacturer": {
            "name": "General Mills"
        }
    },
    "rice-krispies": {
        "serving_weight": "1",
        "name": "Rice Krispies",
        "sodium": "290",
        "vitamins_minerals": "25",
        "potassium": "35",
        "sugars": "3",
        "calories": "110",
        "fat": "0",
        "dietary_fiber": "0",
        "display_shelf": "1",
        "cups_per_serving": "1",
        "protein": "2",
        "complex_carbohydrates": "22",
        "type": "cold",
        "slug": "rice-krispies",
        "manufacturer": {
            "name": "Kellogs"
        }
    },
    "smacks": {
        "serving_weight": "1",
        "name": "Smacks",
        "sodium": "70",
        "vitamins_minerals": "25",
        "potassium": "40",
        "sugars": "15",
        "calories": "110",
        "fat": "1",
        "dietary_fiber": "1",
        "display_shelf": "2",
        "cups_per_serving": "0.75",
        "protein": "2",
        "complex_carbohydrates": "9",
        "type": "cold",
        "slug": "smacks",
        "manufacturer": {
            "name": "Kellogs"
        }
    },
    "muesli-raisins-peaches-pecans": {
        "serving_weight": "-1",
        "name": "Muesli Raisins, Peaches, & Pecans",
        "sodium": "150",
        "vitamins_minerals": "25",
        "potassium": "170",
        "sugars": "11",
        "calories": "150",
        "fat": "3",
        "dietary_fiber": "3",
        "display_shelf": "3",
        "cups_per_serving": "-1",
        "protein": "4",
        "complex_carbohydrates": "16",
        "type": "cold",
        "slug": "muesli-raisins-peaches-pecans",
        "manufacturer": {
            "name": "Ralston Purina"
        }
    },
    "total-corn-flakes": {
        "serving_weight": "1",
        "name": "Total Corn Flakes",
        "sodium": "200",
        "vitamins_minerals": "100",
        "potassium": "35",
        "sugars": "3",
        "calories": "110",
        "fat": "1",
        "dietary_fiber": "0",
        "display_shelf": "3",
        "cups_per_serving": "1",
        "protein": "2",
        "complex_carbohydrates": "21",
        "type": "cold",
        "slug": "total-corn-flakes",
        "manufacturer": {
            "name": "General Mills"
        }
    },
    "quaker-oat-squares": {
        "serving_weight": "1",
        "name": "Quaker Oat Squares",
        "sodium": "135",
        "vitamins_minerals": "25",
        "potassium": "110",
        "sugars": "6",
        "calories": "100",
        "fat": "1",
        "dietary_fiber": "2",
        "display_shelf": "3",
        "cups_per_serving": "0.5",
        "protein": "4",
        "complex_carbohydrates": "14",
        "type": "cold",
        "slug": "quaker-oat-squares",
        "manufacturer": {
            "name": "Quaker Oats"
        }
    },
    "just-right-fruit-nut": {
        "serving_weight": "1.3",
        "name": "Just Right Fruit & Nut",
        "sodium": "170",
        "vitamins_minerals": "100",
        "potassium": "95",
        "sugars": "9",
        "calories": "140",
        "fat": "1",
        "dietary_fiber": "2",
        "display_shelf": "3",
        "cups_per_serving": "0.75",
        "protein": "3",
        "complex_carbohydrates": "20",
        "type": "cold",
        "slug": "just-right-fruit-nut",
        "manufacturer": {
            "name": "Kellogs"
        }
    },
    "fruit-fibre-dates-walnuts-and-oats": {
        "serving_weight": "1.25",
        "name": "Fruit & Fibre Dates, Walnuts, and Oats",
        "sodium": "160",
        "vitamins_minerals": "25",
        "potassium": "200",
        "sugars": "10",
        "calories": "120",
        "fat": "2",
        "dietary_fiber": "5",
        "display_shelf": "3",
        "cups_per_serving": "0.67",
        "protein": "3",
        "complex_carbohydrates": "12",
        "type": "cold",
        "slug": "fruit-fibre-dates-walnuts-and-oats",
        "manufacturer": {
            "name": "Post"
        }
    },
    "raisin-nut-bran": {
        "serving_weight": "1",
        "name": "Raisin Nut Bran",
        "sodium": "140",
        "vitamins_minerals": "25",
        "potassium": "140",
        "sugars": "8",
        "calories": "100",
        "fat": "2",
        "dietary_fiber": "2.5",
        "display_shelf": "3",
        "cups_per_serving": "0.5",
        "protein": "3",
        "complex_carbohydrates": "10.5",
        "type": "cold",
        "slug": "raisin-nut-bran",
        "manufacturer": {
            "name": "General Mills"
        }
    },
    "puffed-wheat": {
        "serving_weight": "0.5",
        "name": "Puffed Wheat",
        "sodium": "0",
        "vitamins_minerals": "0",
        "potassium": "50",
        "sugars": "0",
        "calories": "50",
        "fat": "0",
        "dietary_fiber": "1",
        "display_shelf": "3",
        "cups_per_serving": "-1",
        "protein": "2",
        "complex_carbohydrates": "10",
        "type": "cold",
        "slug": "puffed-wheat",
        "manufacturer": {
            "name": "Quaker Oats"
        }
    },
    "maypo": {
        "serving_weight": "1",
        "name": "Maypo",
        "sodium": "0",
        "vitamins_minerals": "25",
        "potassium": "95",
        "sugars": "3",
        "calories": "100",
        "fat": "1",
        "dietary_fiber": "0",
        "display_shelf": "2",
        "cups_per_serving": "-1",
        "protein": "4",
        "complex_carbohydrates": "16",
        "type": "hot",
        "slug": "maypo",
        "manufacturer": {
            "name": "American Home Food Products"
        }
    },
    "all-bran": {
        "serving_weight": "1",
        "name": "All-Bran",
        "sodium": "260",
        "vitamins_minerals": "25",
        "potassium": "320",
        "sugars": "5",
        "calories": "70",
        "fat": "1",
        "dietary_fiber": "9",
        "display_shelf": "3",
        "cups_per_serving": "0.33",
        "protein": "4",
        "complex_carbohydrates": "7",
        "type": "cold",
        "slug": "all-bran",
        "manufacturer": {
            "name": "Kellogs"
        }
    },
    "shredded-wheat-spoon-size": {
        "serving_weight": "1",
        "name": "Shredded Wheat spoon size",
        "sodium": "0",
        "vitamins_minerals": "0",
        "potassium": "120",
        "sugars": "0",
        "calories": "90",
        "fat": "0",
        "dietary_fiber": "3",
        "display_shelf": "1",
        "cups_per_serving": "0.67",
        "protein": "3",
        "complex_carbohydrates": "20",
        "type": "cold",
        "slug": "shredded-wheat-spoon-size",
        "manufacturer": {
            "name": "Nabisco"
        }
    },
    "total-whole-grain": {
        "serving_weight": "1",
        "name": "Total Whole Grain",
        "sodium": "200",
        "vitamins_minerals": "100",
        "potassium": "110",
        "sugars": "3",
        "calories": "100",
        "fat": "1",
        "dietary_fiber": "3",
        "display_shelf": "3",
        "cups_per_serving": "1",
        "protein": "3",
        "complex_carbohydrates": "16",
        "type": "cold",
        "slug": "total-whole-grain",
        "manufacturer": {
            "name": "General Mills"
        }
    },
    "crispix": {
        "serving_weight": "1",
        "name": "Crispix",
        "sodium": "220",
        "vitamins_minerals": "25",
        "potassium": "30",
        "sugars": "3",
        "calories": "110",
        "fat": "0",
        "dietary_fiber": "1",
        "display_shelf": "3",
        "cups_per_serving": "1",
        "protein": "2",
        "complex_carbohydrates": "21",
        "type": "cold",
        "slug": "crispix",
        "manufacturer": {
            "name": "Kellogs"
        }
    },
    "count-chocula": {
        "serving_weight": "1",
        "name": "Count Chocula",
        "sodium": "180",
        "vitamins_minerals": "25",
        "potassium": "65",
        "sugars": "13",
        "calories": "110",
        "fat": "1",
        "dietary_fiber": "0",
        "display_shelf": "2",
        "cups_per_serving": "1",
        "protein": "1",
        "complex_carbohydrates": "12",
        "type": "cold",
        "slug": "count-chocula",
        "manufacturer": {
            "name": "General Mills"
        }
    },
    "frosted-mini-wheats": {
        "serving_weight": "1",
        "name": "Frosted Mini-Wheats",
        "sodium": "0",
        "vitamins_minerals": "25",
        "potassium": "100",
        "sugars": "7",
        "calories": "100",
        "fat": "0",
        "dietary_fiber": "3",
        "display_shelf": "2",
        "cups_per_serving": "0.8",
        "protein": "3",
        "complex_carbohydrates": "14",
        "type": "cold",
        "slug": "frosted-mini-wheats",
        "manufacturer": {
            "name": "Kellogs"
        }
    },
    "grape-nuts": {
        "serving_weight": "1",
        "name": "Grape-Nuts",
        "sodium": "170",
        "vitamins_minerals": "25",
        "potassium": "90",
        "sugars": "3",
        "calories": "110",
        "fat": "0",
        "dietary_fiber": "3",
        "display_shelf": "3",
        "cups_per_serving": "0.25",
        "protein": "3",
        "complex_carbohydrates": "17",
        "type": "cold",
        "slug": "grape-nuts",
        "manufacturer": {
            "name": "Post"
        }
    },
    "cocoa-puffs": {
        "serving_weight": "1",
        "name": "Cocoa Puffs",
        "sodium": "180",
        "vitamins_minerals": "25",
        "potassium": "55",
        "sugars": "13",
        "calories": "110",
        "fat": "1",
        "dietary_fiber": "0",
        "display_shelf": "2",
        "cups_per_serving": "1",
        "protein": "1",
        "complex_carbohydrates": "12",
        "type": "cold",
        "slug": "cocoa-puffs",
        "manufacturer": {
            "name": "General Mills"
        }
    },
    "capncrunch": {
        "serving_weight": "1",
        "name": "Cap'n'Crunch",
        "sodium": "220",
        "vitamins_minerals": "25",
        "potassium": "35",
        "sugars": "12",
        "calories": "120",
        "fat": "2",
        "dietary_fiber": "0",
        "display_shelf": "2",
        "cups_per_serving": "0.75",
        "protein": "1",
        "complex_carbohydrates": "12",
        "type": "cold",
        "slug": "capncrunch",
        "manufacturer": {
            "name": "Quaker Oats"
        }
    },
    "raisin-squares": {
        "serving_weight": "1",
        "name": "Raisin Squares",
        "sodium": "0",
        "vitamins_minerals": "25",
        "potassium": "110",
        "sugars": "6",
        "calories": "90",
        "fat": "0",
        "dietary_fiber": "2",
        "display_shelf": "3",
        "cups_per_serving": "0.5",
        "protein": "2",
        "complex_carbohydrates": "15",
        "type": "cold",
        "slug": "raisin-squares",
        "manufacturer": {
            "name": "Kellogs"
        }
    },
    "shredded-wheat": {
        "serving_weight": "0.83",
        "name": "Shredded Wheat",
        "sodium": "0",
        "vitamins_minerals": "0",
        "potassium": "95",
        "sugars": "0",
        "calories": "80",
        "fat": "0",
        "dietary_fiber": "3",
        "display_shelf": "1",
        "cups_per_serving": "-1",
        "protein": "2",
        "complex_carbohydrates": "16",
        "type": "cold",
        "slug": "shredded-wheat",
        "manufacturer": {
            "name": "Nabisco"
        }
    },
    "golden-grahams": {
        "serving_weight": "1",
        "name": "Golden Grahams",
        "sodium": "280",
        "vitamins_minerals": "25",
        "potassium": "45",
        "sugars": "9",
        "calories": "110",
        "fat": "1",
        "dietary_fiber": "0",
        "display_shelf": "2",
        "cups_per_serving": "0.75",
        "protein": "1",
        "complex_carbohydrates": "15",
        "type": "cold",
        "slug": "golden-grahams",
        "manufacturer": {
            "name": "General Mills"
        }
    },
    "fruitful-bran": {
        "serving_weight": "1.33",
        "name": "Fruitful Bran",
        "sodium": "240",
        "vitamins_minerals": "25",
        "potassium": "190",
        "sugars": "12",
        "calories": "120",
        "fat": "0",
        "dietary_fiber": "5",
        "display_shelf": "3",
        "cups_per_serving": "0.67",
        "protein": "3",
        "complex_carbohydrates": "14",
        "type": "cold",
        "slug": "fruitful-bran",
        "manufacturer": {
            "name": "Kellogs"
        }
    },
    "nutri-grain-almond-raisin": {
        "serving_weight": "1.33",
        "name": "Nutri-Grain Almond-Raisin",
        "sodium": "220",
        "vitamins_minerals": "25",
        "potassium": "130",
        "sugars": "7",
        "calories": "140",
        "fat": "2",
        "dietary_fiber": "3",
        "display_shelf": "3",
        "cups_per_serving": "0.67",
        "protein": "3",
        "complex_carbohydrates": "21",
        "type": "cold",
        "slug": "nutri-grain-almond-raisin",
        "manufacturer": {
            "name": "Kellogs"
        }
    },
    "all-bran-extra-fiber": {
        "serving_weight": "1",
        "name": "All-Bran with Extra Fiber",
        "sodium": "140",
        "vitamins_minerals": "25",
        "potassium": "330",
        "sugars": "0",
        "calories": "50",
        "fat": "0",
        "dietary_fiber": "14",
        "display_shelf": "3",
        "cups_per_serving": "0.5",
        "protein": "4",
        "complex_carbohydrates": "8",
        "type": "cold",
        "slug": "all-bran-extra-fiber",
        "manufacturer": {
            "name": "Kellogs"
        }
    },
    "cream-of-wheat-quick": {
        "serving_weight": "1",
        "name": "Cream of Wheat (Quick)",
        "sodium": "80",
        "vitamins_minerals": "0",
        "potassium": "-1",
        "sugars": "0",
        "calories": "100",
        "fat": "0",
        "dietary_fiber": "1",
        "display_shelf": "2",
        "cups_per_serving": "1",
        "protein": "3",
        "complex_carbohydrates": "21",
        "type": "hot",
        "slug": "cream-of-wheat-quick",
        "manufacturer": {
            "name": "Nabisco"
        }
    },
    "golden-crisp": {
        "serving_weight": "1",
        "name": "Golden Crisp",
        "sodium": "45",
        "vitamins_minerals": "25",
        "potassium": "40",
        "sugars": "15",
        "calories": "100",
        "fat": "0",
        "dietary_fiber": "0",
        "display_shelf": "1",
        "cups_per_serving": "0.88",
        "protein": "2",
        "complex_carbohydrates": "11",
        "type": "cold",
        "slug": "golden-crisp",
        "manufacturer": {
            "name": "Post"
        }
    },
    "mueslix-crispy-blend": {
        "serving_weight": "1.5",
        "name": "Mueslix Crispy Blend",
        "sodium": "150",
        "vitamins_minerals": "25",
        "potassium": "160",
        "sugars": "13",
        "calories": "160",
        "fat": "2",
        "dietary_fiber": "3",
        "display_shelf": "3",
        "cups_per_serving": "0.67",
        "protein": "3",
        "complex_carbohydrates": "17",
        "type": "cold",
        "slug": "mueslix-crispy-blend",
        "manufacturer": {
            "name": "Kellogs"
        }
    },
    "lucky-charms": {
        "serving_weight": "1",
        "name": "Lucky Charms",
        "sodium": "180",
        "vitamins_minerals": "25",
        "potassium": "55",
        "sugars": "12",
        "calories": "110",
        "fat": "1",
        "dietary_fiber": "0",
        "display_shelf": "2",
        "cups_per_serving": "1",
        "protein": "2",
        "complex_carbohydrates": "12",
        "type": "cold",
        "slug": "lucky-charms",
        "manufacturer": {
            "name": "General Mills"
        }
    },
    "strawberry-fruit-wheats": {
        "serving_weight": "1",
        "name": "Strawberry Fruit Wheats",
        "sodium": "15",
        "vitamins_minerals": "25",
        "potassium": "90",
        "sugars": "5",
        "calories": "90",
        "fat": "0",
        "dietary_fiber": "3",
        "display_shelf": "2",
        "cups_per_serving": "-1",
        "protein": "2",
        "complex_carbohydrates": "15",
        "type": "cold",
        "slug": "strawberry-fruit-wheats",
        "manufacturer": {
            "name": "Nabisco"
        }
    },
    "nuthoney-crunch": {
        "serving_weight": "1",
        "name": "Nut&Honey Crunch",
        "sodium": "190",
        "vitamins_minerals": "25",
        "potassium": "40",
        "sugars": "9",
        "calories": "120",
        "fat": "1",
        "dietary_fiber": "0",
        "display_shelf": "2",
        "cups_per_serving": "0.67",
        "protein": "2",
        "complex_carbohydrates": "15",
        "type": "cold",
        "slug": "nuthoney-crunch",
        "manufacturer": {
            "name": "Kellogs"
        }
    },
    "frosted-flakes": {
        "serving_weight": "1",
        "name": "Frosted Flakes",
        "sodium": "200",
        "vitamins_minerals": "25",
        "potassium": "25",
        "sugars": "11",
        "calories": "110",
        "fat": "0",
        "dietary_fiber": "1",
        "display_shelf": "1",
        "cups_per_serving": "0.75",
        "protein": "1",
        "complex_carbohydrates": "14",
        "type": "cold",
        "slug": "frosted-flakes",
        "manufacturer": {
            "name": "Kellogs"
        }
    },
    "honey-graham-ohs": {
        "serving_weight": "1",
        "name": "Honey Graham Ohs",
        "sodium": "220",
        "vitamins_minerals": "25",
        "potassium": "45",
        "sugars": "11",
        "calories": "120",
        "fat": "2",
        "dietary_fiber": "1",
        "display_shelf": "2",
        "cups_per_serving": "1",
        "protein": "1",
        "complex_carbohydrates": "12",
        "type": "cold",
        "slug": "honey-graham-ohs",
        "manufacturer": {
            "name": "Quaker Oats"
        }
    }
}
