[
    {
        "y": 156.06060606060606, 
        "x": 7.575757575757576, 
        "z": 2, 
        "h": "All"
    }, 
    {
        "y": 276.8181818181818, 
        "x": 8.840909090909092, 
        "z": 2, 
        "h": "Grape"
    }, 
    {
        "y": 148.33333333333331, 
        "x": 9.0, 
        "z": 2, 
        "h": "Just"
    }, 
    {
        "y": 85.78171091445428, 
        "x": 1.5899705014749264, 
        "z": 3, 
        "h": "Rice"
    }, 
    {
        "y": 186.8181818181818, 
        "x": 18.522727272727273, 
        "z": 2, 
        "h": "Crisp"
    }, 
    {
        "y": 148.33333333333331, 
        "x": 9.0, 
        "z": 2, 
        "h": "Right"
    }, 
    {
        "y": 177.77777777777774, 
        "x": 13.777777777777777, 
        "z": 3, 
        "h": "Nut"
    }, 
    {
        "y": 177.81094527363183, 
        "x": 10.557213930348258, 
        "z": 2, 
        "h": "Almond"
    }, 
    {
        "y": 174.62686567164178, 
        "x": 5.5, 
        "z": 2, 
        "h": "Quaker"
    }, 
    {
        "y": 124.85211112578699, 
        "x": 4.973882798397393, 
        "z": 5, 
        "h": "Chex"
    }, 
    {
        "y": 120.33333333333333, 
        "x": 8.366666666666667, 
        "z": 4, 
        "h": "Cheerios"
    }, 
    {
        "y": 123.33333333333333, 
        "x": 6.833333333333333, 
        "z": 2, 
        "h": "Wheaties"
    }, 
    {
        "y": 190.0, 
        "x": 12.0, 
        "z": 2, 
        "h": "Squares"
    }, 
    {
        "y": 169.55223880597015, 
        "x": 12.71641791044776, 
        "z": 2, 
        "h": "Crunch"
    }, 
    {
        "y": 108.90547263681592, 
        "x": 2.4763681592039797, 
        "z": 8, 
        "h": "Wheat"
    }, 
    {
        "y": 107.5, 
        "x": 5.0, 
        "z": 4, 
        "h": "Corn"
    }, 
    {
        "y": 150.0, 
        "x": 11.0, 
        "z": 2, 
        "h": "Muesli"
    }, 
    {
        "y": 166.06060606060606, 
        "x": 13.09090909090909, 
        "z": 2, 
        "h": "100"
    }, 
    {
        "y": 164.55223880597015, 
        "x": 12.962686567164178, 
        "z": 2, 
        "h": "Dates"
    }, 
    {
        "y": 189.72281449893393, 
        "x": 15.620469083155651, 
        "z": 7, 
        "h": "Raisin"
    }, 
    {
        "y": 204.62686567164178, 
        "x": 9.5, 
        "z": 2, 
        "h": "Oatmeal"
    }, 
    {
        "y": 124.73880597014926, 
        "x": 5.361940298507463, 
        "z": 4, 
        "h": "Grain"
    }, 
    {
        "y": 153.33333333333331, 
        "x": 12.666666666666666, 
        "z": 2, 
        "h": "Cinnamon"
    }, 
    {
        "y": 107.5, 
        "x": 6.875, 
        "z": 2, 
        "h": "Wheats"
    }, 
    {
        "y": 165.92567465701794, 
        "x": 13.046434494195688, 
        "z": 12, 
        "h": "Bran"
    }, 
    {
        "y": 130.15151515151516, 
        "x": 14.522727272727273, 
        "z": 2, 
        "h": "Golden"
    }, 
    {
        "y": 128.33333333333331, 
        "x": 13.666666666666666, 
        "z": 2, 
        "h": "Apple"
    }, 
    {
        "y": 50.0, 
        "x": 0.0, 
        "z": 2, 
        "h": "Puffed"
    }, 
    {
        "y": 116.66666666666667, 
        "x": 6.666666666666667, 
        "z": 3, 
        "h": "Total"
    }, 
    {
        "y": 186.0696517412935, 
        "x": 16.3681592039801, 
        "z": 2, 
        "h": "Crispy"
    }, 
    {
        "y": 144.44444444444443, 
        "x": 11.777777777777777, 
        "z": 3, 
        "h": "Raisins"
    }, 
    {
        "y": 135.83333333333331, 
        "x": 11.708333333333332, 
        "z": 2, 
        "h": "Frosted"
    }, 
    {
        "y": 149.47761194029852, 
        "x": 6.223880597014925, 
        "z": 2, 
        "h": "Nutri"
    }, 
    {
        "y": 124.01002506265664, 
        "x": 10.81766917293233, 
        "z": 4, 
        "h": "Honey"
    }, 
    {
        "y": 276.8181818181818, 
        "x": 8.840909090909092, 
        "z": 2, 
        "h": "Nuts"
    }, 
    {
        "y": 210.0, 
        "x": 13.0, 
        "z": 2, 
        "h": "Oat"
    }, 
    {
        "y": 116.21890547263682, 
        "x": 0.0, 
        "z": 3, 
        "h": "Shredded"
    }, 
    {
        "y": 151.92371475953564, 
        "x": 10.641791044776118, 
        "z": 3, 
        "h": "Fruit"
    }, 
    {
        "y": 120.9262777023971, 
        "x": 6.562234283129806, 
        "z": 5, 
        "h": "Flakes"
    }
]
