{
    "grape-nuts-flakes": [
        5.0, 
        15.0, 
        3.0, 
        3.0, 
        1.0, 
        0.14, 
        0.085
    ], 
    "quaker-oatmeal": [
        -1.0, 
        -1.0, 
        2.7, 
        5.0, 
        2.0, 
        0.0, 
        0.11
    ], 
    "100-natural-bran": [
        8.0, 
        8.0, 
        2.0, 
        3.0, 
        5.0, 
        0.015, 
        0.135
    ], 
    "crispy-wheat-raisins": [
        10.0, 
        11.0, 
        2.0, 
        2.0, 
        1.0, 
        0.14, 
        0.12
    ], 
    "nutri-grain-wheat": [
        2.0, 
        18.0, 
        3.0, 
        3.0, 
        0.0, 
        0.17, 
        0.09
    ], 
    "fruity-pebbles": [
        12.0, 
        13.0, 
        0.0, 
        1.0, 
        1.0, 
        0.135, 
        0.025
    ], 
    "bran-chex": [
        6.0, 
        15.0, 
        4.0, 
        2.0, 
        1.0, 
        0.2, 
        0.125
    ], 
    "nuthoney-crunch": [
        9.0, 
        15.0, 
        0.0, 
        2.0, 
        1.0, 
        0.19, 
        0.04
    ], 
    "special-k": [
        3.0, 
        16.0, 
        1.0, 
        6.0, 
        0.0, 
        0.23, 
        0.055
    ], 
    "strawberry-fruit-wheats": [
        5.0, 
        15.0, 
        3.0, 
        2.0, 
        0.0, 
        0.015, 
        0.09
    ], 
    "100-bran": [
        6.0, 
        5.0, 
        10.0, 
        4.0, 
        1.0, 
        0.13, 
        0.28
    ], 
    "wheaties-honey-gold": [
        8.0, 
        16.0, 
        1.0, 
        2.0, 
        1.0, 
        0.2, 
        0.06
    ], 
    "trix": [
        12.0, 
        13.0, 
        0.0, 
        1.0, 
        1.0, 
        0.14, 
        0.025
    ], 
    "almond-delight": [
        8.0, 
        14.0, 
        1.0, 
        2.0, 
        2.0, 
        0.2, 
        -0.001
    ], 
    "apple-cinnamon-cheerios": [
        10.0, 
        10.5, 
        1.5, 
        2.0, 
        2.0, 
        0.18, 
        0.07
    ], 
    "shredded-wheat-nbran": [
        0.0, 
        19.0, 
        4.0, 
        3.0, 
        0.0, 
        0.0, 
        0.14
    ], 
    "cheerios": [
        1.0, 
        17.0, 
        2.0, 
        6.0, 
        2.0, 
        0.29, 
        0.105
    ], 
    "great-grains-pecan": [
        4.0, 
        13.0, 
        3.0, 
        3.0, 
        3.0, 
        0.075, 
        0.1
    ], 
    "muesli-raisins-dates-almonds": [
        11.0, 
        16.0, 
        3.0, 
        4.0, 
        3.0, 
        0.095, 
        0.17
    ], 
    "bran-flakes": [
        5.0, 
        13.0, 
        5.0, 
        3.0, 
        0.0, 
        0.21, 
        0.19
    ], 
    "double-chex": [
        5.0, 
        18.0, 
        1.0, 
        2.0, 
        0.0, 
        0.19, 
        0.08
    ], 
    "all-bran": [
        5.0, 
        7.0, 
        9.0, 
        4.0, 
        1.0, 
        0.26, 
        0.32
    ], 
    "wheat-chex": [
        3.0, 
        17.0, 
        3.0, 
        3.0, 
        1.0, 
        0.23, 
        0.115
    ], 
    "product-19": [
        3.0, 
        20.0, 
        1.0, 
        3.0, 
        0.0, 
        0.32, 
        0.045
    ], 
    "cracklin-oat-bran": [
        7.0, 
        10.0, 
        4.0, 
        3.0, 
        3.0, 
        0.14, 
        0.16
    ], 
    "wheaties": [
        3.0, 
        17.0, 
        3.0, 
        3.0, 
        1.0, 
        0.2, 
        0.11
    ], 
    "puffed-rice": [
        0.0, 
        13.0, 
        0.0, 
        1.0, 
        0.0, 
        0.0, 
        0.015
    ], 
    "honey-nut-cheerios": [
        10.0, 
        11.5, 
        1.5, 
        3.0, 
        1.0, 
        0.25, 
        0.09
    ], 
    "apple-jacks": [
        14.0, 
        11.0, 
        1.0, 
        2.0, 
        0.0, 
        0.125, 
        0.03
    ], 
    "rice-chex": [
        2.0, 
        23.0, 
        0.0, 
        1.0, 
        0.0, 
        0.24, 
        0.03
    ], 
    "oatmeal-raisin-crisp": [
        10.0, 
        13.5, 
        1.5, 
        3.0, 
        2.0, 
        0.17, 
        0.12
    ], 
    "froot-loops": [
        13.0, 
        11.0, 
        1.0, 
        2.0, 
        1.0, 
        0.125, 
        0.03
    ], 
    "clusters": [
        7.0, 
        13.0, 
        2.0, 
        3.0, 
        2.0, 
        0.14, 
        0.105
    ], 
    "corn-flakes": [
        2.0, 
        21.0, 
        1.0, 
        2.0, 
        0.0, 
        0.29, 
        0.035
    ], 
    "multi-grain-cheerios": [
        6.0, 
        15.0, 
        2.0, 
        2.0, 
        1.0, 
        0.22, 
        0.09
    ], 
    "just-right-crunchy-nuggets": [
        6.0, 
        17.0, 
        1.0, 
        2.0, 
        1.0, 
        0.17, 
        0.06
    ], 
    "corn-chex": [
        3.0, 
        22.0, 
        0.0, 
        2.0, 
        0.0, 
        0.28, 
        0.025
    ], 
    "nutri-grain-almond-raisin": [
        7.0, 
        21.0, 
        3.0, 
        3.0, 
        2.0, 
        0.22, 
        0.13
    ], 
    "life": [
        6.0, 
        12.0, 
        2.0, 
        4.0, 
        2.0, 
        0.15, 
        0.095
    ], 
    "kix": [
        3.0, 
        21.0, 
        0.0, 
        2.0, 
        1.0, 
        0.26, 
        0.04
    ], 
    "triples": [
        3.0, 
        21.0, 
        0.0, 
        2.0, 
        1.0, 
        0.25, 
        0.06
    ], 
    "post-nat-raisin-bran": [
        14.0, 
        11.0, 
        6.0, 
        3.0, 
        1.0, 
        0.2, 
        0.26
    ], 
    "cinnamon-toast-crunch": [
        9.0, 
        13.0, 
        0.0, 
        1.0, 
        3.0, 
        0.21, 
        0.045
    ], 
    "rice-krispies": [
        3.0, 
        22.0, 
        0.0, 
        2.0, 
        0.0, 
        0.29, 
        0.035
    ], 
    "smacks": [
        15.0, 
        9.0, 
        1.0, 
        2.0, 
        1.0, 
        0.07, 
        0.04
    ], 
    "total-corn-flakes": [
        3.0, 
        21.0, 
        0.0, 
        2.0, 
        1.0, 
        0.2, 
        0.035
    ], 
    "quaker-oat-squares": [
        6.0, 
        14.0, 
        2.0, 
        4.0, 
        1.0, 
        0.135, 
        0.11
    ], 
    "just-right-fruit-nut": [
        9.0, 
        20.0, 
        2.0, 
        3.0, 
        1.0, 
        0.17, 
        0.095
    ], 
    "fruit-fibre-dates-walnuts-and-oats": [
        10.0, 
        12.0, 
        5.0, 
        3.0, 
        2.0, 
        0.16, 
        0.2
    ], 
    "muesli-raisins-peaches-pecans": [
        11.0, 
        16.0, 
        3.0, 
        4.0, 
        3.0, 
        0.15, 
        0.17
    ], 
    "raisin-bran": [
        12.0, 
        14.0, 
        5.0, 
        3.0, 
        1.0, 
        0.21, 
        0.24
    ], 
    "raisin-nut-bran": [
        8.0, 
        10.5, 
        2.5, 
        3.0, 
        2.0, 
        0.14, 
        0.14
    ], 
    "puffed-wheat": [
        0.0, 
        10.0, 
        1.0, 
        2.0, 
        0.0, 
        0.0, 
        0.05
    ], 
    "maypo": [
        3.0, 
        16.0, 
        0.0, 
        4.0, 
        1.0, 
        0.0, 
        0.095
    ], 
    "capncrunch": [
        12.0, 
        12.0, 
        0.0, 
        1.0, 
        2.0, 
        0.22, 
        0.035
    ], 
    "shredded-wheat-spoon-size": [
        0.0, 
        20.0, 
        3.0, 
        3.0, 
        0.0, 
        0.0, 
        0.12
    ], 
    "total-whole-grain": [
        3.0, 
        16.0, 
        3.0, 
        3.0, 
        1.0, 
        0.2, 
        0.11
    ], 
    "shredded-wheat": [
        0.0, 
        16.0, 
        3.0, 
        2.0, 
        0.0, 
        0.0, 
        0.095
    ], 
    "count-chocula": [
        13.0, 
        12.0, 
        0.0, 
        1.0, 
        1.0, 
        0.18, 
        0.065
    ], 
    "frosted-mini-wheats": [
        7.0, 
        14.0, 
        3.0, 
        3.0, 
        0.0, 
        0.0, 
        0.1
    ], 
    "grape-nuts": [
        3.0, 
        17.0, 
        3.0, 
        3.0, 
        0.0, 
        0.17, 
        0.09
    ], 
    "cocoa-puffs": [
        13.0, 
        12.0, 
        0.0, 
        1.0, 
        1.0, 
        0.18, 
        0.055
    ], 
    "raisin-squares": [
        6.0, 
        15.0, 
        2.0, 
        2.0, 
        0.0, 
        0.0, 
        0.11
    ], 
    "total-raisin-bran": [
        14.0, 
        15.0, 
        4.0, 
        3.0, 
        1.0, 
        0.19, 
        0.23
    ], 
    "golden-grahams": [
        9.0, 
        15.0, 
        0.0, 
        1.0, 
        1.0, 
        0.28, 
        0.045
    ], 
    "fruitful-bran": [
        12.0, 
        14.0, 
        5.0, 
        3.0, 
        0.0, 
        0.24, 
        0.19
    ], 
    "crispix": [
        3.0, 
        21.0, 
        1.0, 
        2.0, 
        0.0, 
        0.22, 
        0.03
    ], 
    "basic-4": [
        8.0, 
        18.0, 
        2.0, 
        3.0, 
        2.0, 
        0.21, 
        0.1
    ], 
    "all-bran-extra-fiber": [
        0.0, 
        8.0, 
        14.0, 
        4.0, 
        0.0, 
        0.14, 
        0.33
    ], 
    "cream-of-wheat-quick": [
        0.0, 
        21.0, 
        1.0, 
        3.0, 
        0.0, 
        0.08, 
        -0.001
    ], 
    "golden-crisp": [
        15.0, 
        11.0, 
        0.0, 
        2.0, 
        0.0, 
        0.045, 
        0.04
    ], 
    "mueslix-crispy-blend": [
        13.0, 
        17.0, 
        3.0, 
        3.0, 
        2.0, 
        0.15, 
        0.16
    ], 
    "lucky-charms": [
        12.0, 
        12.0, 
        0.0, 
        2.0, 
        1.0, 
        0.18, 
        0.055
    ], 
    "frosted-flakes": [
        11.0, 
        14.0, 
        1.0, 
        1.0, 
        0.0, 
        0.2, 
        0.025
    ], 
    "honey-comb": [
        11.0, 
        14.0, 
        0.0, 
        1.0, 
        0.0, 
        0.18, 
        0.035
    ], 
    "corn-pops": [
        12.0, 
        13.0, 
        1.0, 
        1.0, 
        0.0, 
        0.09, 
        0.02
    ], 
    "honey-graham-ohs": [
        11.0, 
        12.0, 
        1.0, 
        1.0, 
        2.0, 
        0.22, 
        0.045
    ]
}
